Log: Log file open, 04/19/24 22:01:51
Init: Name subsystem initialized
Init: Version: 469
Init: Revision: c (Release)
Init: Compiled: Oct 29 2022 10:10:27
Init: Command line: 
Init: Base directory: Z:\home\neob91\Games\LutrisDX\drive_c\DX\UED22\
Init: Character set: Unicode
Log: Bound to Core.dll
Init: Object subsystem initialized
Init: Detected: Microsoft Windows NT 6.2 (Build: 9200)
Log: Enabling Data Executing Prevention
Init: Computer: MATRIXX09
Init: User: neob91
Init: Memory total: Phys=4194303K Pagef=4193791K Virt=4194176K
Init: Working set: 2000000 / 2000000
Init: CPU Page size=4096, Processors=4
Init: CPU Detected:         Intel(R) Core(TM) i5-2400 CPU @ 3.10GHz (GenuineIntel)
Init: CPU Features: INVARIANT_TSC CMov FPU RDTSC PAE MMX SSE SSE2 SSE3 SSSE3 SSE4_1 SSE4_2 AVX
Init: Timer Frequency=3092.973685 MHz - Timing Source = RDTSC
Log: Bound to Editor.dll
Log: Bound to Engine.dll
Log: Bound to Window.dll
Log: Bound to Render.dll
Log: =======================================
Log: ucc.exe: UnrealOS execution environment
Log: Copyright 1999 Epic Games Inc
Log: =======================================
Log: 
Log: Executing Class Editor.MakeCommandlet
Init: Unreal engine initialized
Heading: --------------------Core--------------------
Heading: --------------------Engine--------------------
Heading: --------------------Editor--------------------
Heading: --------------------UWindow--------------------
Heading: --------------------Fire--------------------
Log: Bound to Fire.dll
Heading: --------------------IpDrv--------------------
Log: Bound to IpDrv.dll
Heading: --------------------Extension--------------------
Heading: --------------------UWeb--------------------
Log: Bound to UWeb.dll
Heading: --------------------UBrowser--------------------
Heading: --------------------DeusExUI--------------------
Heading: --------------------ConSys--------------------
Heading: --------------------DeusExConversations--------------------
Heading: --------------------DeusExSounds--------------------
Heading: --------------------DeusExItems--------------------
Heading: --------------------DeusExDeco--------------------
Heading: --------------------DeusExCharacters--------------------
Heading: --------------------DeusEx--------------------
Warning: Failed to load 'DeusEx.u': Can't find file 'DeusEx.u'
Warning: Failed loading package: Can't find file 'DeusEx.u'
Log: Analyzing...
Log: FactoryCreateText: Class with ClassFactoryUC (0 1 ..\DeusEx\Classes\AcousticSensor.uc)
Log: Imported: Class DeusEx.AcousticSensor
Log: FactoryCreateText: Class with ClassFactoryUC (0 1 ..\DeusEx\Classes\ActorDisplayWindow.uc)
Log: Imported: Class DeusEx.ActorDisplayWindow
Log: FactoryCreateText: Class with ClassFactoryUC (0 1 ..\DeusEx\Classes\AdaptiveArmor.uc)
Log: Imported: Class DeusEx.AdaptiveArmor
Log: FactoryCreateText: Class with ClassFactoryUC (0 1 ..\DeusEx\Classes\advteamdmgame.uc)
Log: Imported: Class DeusEx.advteamdmgame
Log: FactoryCreateText: Class with ClassFactoryUC (0 1 ..\DeusEx\Classes\AIPrototype.uc)
Log: Imported: Class DeusEx.AIPrototype
Log: FactoryCreateText: Class with ClassFactoryUC (0 1 ..\DeusEx\Classes\AirBubble.uc)
Log: Imported: Class DeusEx.AirBubble
Log: FactoryCreateText: Class with ClassFactoryUC (0 1 ..\DeusEx\Classes\AlarmLight.uc)
Log: Imported: Class DeusEx.AlarmLight
Log: FactoryCreateText: Class with ClassFactoryUC (0 1 ..\DeusEx\Classes\AlarmUnit.uc)
Log: Imported: Class DeusEx.AlarmUnit
Log: FactoryCreateText: Class with ClassFactoryUC (0 1 ..\DeusEx\Classes\AlexJacobson.uc)
Log: Imported: Class DeusEx.AlexJacobson
Log: FactoryCreateText: Class with ClassFactoryUC (0 1 ..\DeusEx\Classes\AlexJacobsonCarcass.uc)
Log: Imported: Class DeusEx.AlexJacobsonCarcass
Log: FactoryCreateText: Class with ClassFactoryUC (0 1 ..\DeusEx\Classes\AlignWindow.uc)
Log: Imported: Class DeusEx.AlignWindow
Log: FactoryCreateText: Class with ClassFactoryUC (0 1 ..\DeusEx\Classes\AllianceTrigger.uc)
Log: Imported: Class DeusEx.AllianceTrigger
Log: FactoryCreateText: Class with ClassFactoryUC (0 1 ..\DeusEx\Classes\AmbientSoundTriggered.uc)
Log: Imported: Class DeusEx.AmbientSoundTriggered
Log: FactoryCreateText: Class with ClassFactoryUC (0 1 ..\DeusEx\Classes\AmbrosiaPool.uc)
Log: Imported: Class DeusEx.AmbrosiaPool
Log: FactoryCreateText: Class with ClassFactoryUC (0 1 ..\DeusEx\Classes\Ammo10mm.uc)
Log: Imported: Class DeusEx.Ammo10mm
Log: FactoryCreateText: Class with ClassFactoryUC (0 1 ..\DeusEx\Classes\Ammo20mm.uc)
Log: Imported: Class DeusEx.Ammo20mm
Log: FactoryCreateText: Class with ClassFactoryUC (0 1 ..\DeusEx\Classes\Ammo3006.uc)
Log: Imported: Class DeusEx.Ammo3006
Log: FactoryCreateText: Class with ClassFactoryUC (0 1 ..\DeusEx\Classes\Ammo762mm.uc)
Log: Imported: Class DeusEx.Ammo762mm
Log: FactoryCreateText: Class with ClassFactoryUC (0 1 ..\DeusEx\Classes\AmmoBattery.uc)
Log: Imported: Class DeusEx.AmmoBattery
Log: FactoryCreateText: Class with ClassFactoryUC (0 1 ..\DeusEx\Classes\ammocrate.uc)
Log: Imported: Class DeusEx.ammocrate
Log: FactoryCreateText: Class with ClassFactoryUC (0 1 ..\DeusEx\Classes\AmmoDart.uc)
Log: Imported: Class DeusEx.AmmoDart
Log: FactoryCreateText: Class with ClassFactoryUC (0 1 ..\DeusEx\Classes\AmmoDartFlare.uc)
Log: Imported: Class DeusEx.AmmoDartFlare
Log: FactoryCreateText: Class with ClassFactoryUC (0 1 ..\DeusEx\Classes\AmmoDartPoison.uc)
Log: Imported: Class DeusEx.AmmoDartPoison
Log: FactoryCreateText: Class with ClassFactoryUC (0 1 ..\DeusEx\Classes\AmmoEMPGrenade.uc)
Log: Imported: Class DeusEx.AmmoEMPGrenade
Log: FactoryCreateText: Class with ClassFactoryUC (0 1 ..\DeusEx\Classes\AmmoGasGrenade.uc)
Log: Imported: Class DeusEx.AmmoGasGrenade
Log: FactoryCreateText: Class with ClassFactoryUC (0 1 ..\DeusEx\Classes\AmmoGraySpit.uc)
Log: Imported: Class DeusEx.AmmoGraySpit
Log: FactoryCreateText: Class with ClassFactoryUC (0 1 ..\DeusEx\Classes\AmmoGreaselSpit.uc)
Log: Imported: Class DeusEx.AmmoGreaselSpit
Log: FactoryCreateText: Class with ClassFactoryUC (0 1 ..\DeusEx\Classes\AmmoLAM.uc)
Log: Imported: Class DeusEx.AmmoLAM
Log: FactoryCreateText: Class with ClassFactoryUC (0 1 ..\DeusEx\Classes\AmmoNanoVirusGrenade.uc)
Log: Imported: Class DeusEx.AmmoNanoVirusGrenade
Log: FactoryCreateText: Class with ClassFactoryUC (0 1 ..\DeusEx\Classes\AmmoNapalm.uc)
Log: Imported: Class DeusEx.AmmoNapalm
Log: FactoryCreateText: Class with ClassFactoryUC (0 1 ..\DeusEx\Classes\AmmoNone.uc)
Log: Imported: Class DeusEx.AmmoNone
Log: FactoryCreateText: Class with ClassFactoryUC (0 1 ..\DeusEx\Classes\AmmoPepper.uc)
Log: Imported: Class DeusEx.AmmoPepper
Log: FactoryCreateText: Class with ClassFactoryUC (0 1 ..\DeusEx\Classes\AmmoPlasma.uc)
Log: Imported: Class DeusEx.AmmoPlasma
Log: FactoryCreateText: Class with ClassFactoryUC (0 1 ..\DeusEx\Classes\AmmoRocket.uc)
Log: Imported: Class DeusEx.AmmoRocket
Log: FactoryCreateText: Class with ClassFactoryUC (0 1 ..\DeusEx\Classes\AmmoRocketMini.uc)
Log: Imported: Class DeusEx.AmmoRocketMini
Log: FactoryCreateText: Class with ClassFactoryUC (0 1 ..\DeusEx\Classes\AmmoRocketRobot.uc)
Log: Imported: Class DeusEx.AmmoRocketRobot
Log: FactoryCreateText: Class with ClassFactoryUC (0 1 ..\DeusEx\Classes\AmmoRocketWP.uc)
Log: Imported: Class DeusEx.AmmoRocketWP
Log: FactoryCreateText: Class with ClassFactoryUC (0 1 ..\DeusEx\Classes\AmmoSabot.uc)
Log: Imported: Class DeusEx.AmmoSabot
Log: FactoryCreateText: Class with ClassFactoryUC (0 1 ..\DeusEx\Classes\AmmoShell.uc)
Log: Imported: Class DeusEx.AmmoShell
Log: FactoryCreateText: Class with ClassFactoryUC (0 1 ..\DeusEx\Classes\AmmoShuriken.uc)
Log: Imported: Class DeusEx.AmmoShuriken
Log: FactoryCreateText: Class with ClassFactoryUC (0 1 ..\DeusEx\Classes\Animal.uc)
Log: Imported: Class DeusEx.Animal
Log: FactoryCreateText: Class with ClassFactoryUC (0 1 ..\DeusEx\Classes\AnimatedSprite.uc)
Log: Imported: Class DeusEx.AnimatedSprite
Log: FactoryCreateText: Class with ClassFactoryUC (0 1 ..\DeusEx\Classes\AnnaNavarre.uc)
Log: Imported: Class DeusEx.AnnaNavarre
Log: FactoryCreateText: Class with ClassFactoryUC (0 1 ..\DeusEx\Classes\AnnaNavarreCarcass.uc)
Log: Imported: Class DeusEx.AnnaNavarreCarcass
Log: FactoryCreateText: Class with ClassFactoryUC (0 1 ..\DeusEx\Classes\ATM.uc)
Log: Imported: Class DeusEx.ATM
Log: FactoryCreateText: Class with ClassFactoryUC (0 1 ..\DeusEx\Classes\ATMWindow.uc)
Log: Imported: Class DeusEx.ATMWindow
Log: FactoryCreateText: Class with ClassFactoryUC (0 1 ..\DeusEx\Classes\AttackHelicopter.uc)
Log: Imported: Class DeusEx.AttackHelicopter
Log: FactoryCreateText: Class with ClassFactoryUC (0 1 ..\DeusEx\Classes\AugAqualung.uc)
Log: Imported: Class DeusEx.AugAqualung
Log: FactoryCreateText: Class with ClassFactoryUC (0 1 ..\DeusEx\Classes\AugBallistic.uc)
Log: Imported: Class DeusEx.AugBallistic
Log: FactoryCreateText: Class with ClassFactoryUC (0 1 ..\DeusEx\Classes\AugCloak.uc)
Log: Imported: Class DeusEx.AugCloak
Log: FactoryCreateText: Class with ClassFactoryUC (0 1 ..\DeusEx\Classes\AugCombat.uc)
Log: Imported: Class DeusEx.AugCombat
Log: FactoryCreateText: Class with ClassFactoryUC (0 1 ..\DeusEx\Classes\AugDatalink.uc)
Log: Imported: Class DeusEx.AugDatalink
Log: FactoryCreateText: Class with ClassFactoryUC (0 1 ..\DeusEx\Classes\AugDefense.uc)
Log: Imported: Class DeusEx.AugDefense
Log: FactoryCreateText: Class with ClassFactoryUC (0 1 ..\DeusEx\Classes\AugDrone.uc)
Log: Imported: Class DeusEx.AugDrone
Log: FactoryCreateText: Class with ClassFactoryUC (0 1 ..\DeusEx\Classes\AugEMP.uc)
Log: Imported: Class DeusEx.AugEMP
Log: FactoryCreateText: Class with ClassFactoryUC (0 1 ..\DeusEx\Classes\AugEnviro.uc)
Log: Imported: Class DeusEx.AugEnviro
Log: FactoryCreateText: Class with ClassFactoryUC (0 1 ..\DeusEx\Classes\AugHealing.uc)
Log: Imported: Class DeusEx.AugHealing
Log: FactoryCreateText: Class with ClassFactoryUC (0 1 ..\DeusEx\Classes\AugHeartLung.uc)
Log: Imported: Class DeusEx.AugHeartLung
Log: FactoryCreateText: Class with ClassFactoryUC (0 1 ..\DeusEx\Classes\AugIFF.uc)
Log: Imported: Class DeusEx.AugIFF
Log: FactoryCreateText: Class with ClassFactoryUC (0 1 ..\DeusEx\Classes\AugLight.uc)
Log: Imported: Class DeusEx.AugLight
Log: FactoryCreateText: Class with ClassFactoryUC (0 1 ..\DeusEx\Classes\Augmentation.uc)
Log: Imported: Class DeusEx.Augmentation
Log: FactoryCreateText: Class with ClassFactoryUC (0 1 ..\DeusEx\Classes\AugmentationCannister.uc)
Log: Imported: Class DeusEx.AugmentationCannister
Log: FactoryCreateText: Class with ClassFactoryUC (0 1 ..\DeusEx\Classes\AugmentationDisplayWindow.uc)
Log: Imported: Class DeusEx.AugmentationDisplayWindow
Log: FactoryCreateText: Class with ClassFactoryUC (0 1 ..\DeusEx\Classes\AugmentationManager.uc)
Log: Imported: Class DeusEx.AugmentationManager
Log: FactoryCreateText: Class with ClassFactoryUC (0 1 ..\DeusEx\Classes\AugmentationUpgradeCannister.uc)
Log: Imported: Class DeusEx.AugmentationUpgradeCannister
Log: FactoryCreateText: Class with ClassFactoryUC (0 1 ..\DeusEx\Classes\AugMuscle.uc)
Log: Imported: Class DeusEx.AugMuscle
Log: FactoryCreateText: Class with ClassFactoryUC (0 1 ..\DeusEx\Classes\AugPower.uc)
Log: Imported: Class DeusEx.AugPower
Log: FactoryCreateText: Class with ClassFactoryUC (0 1 ..\DeusEx\Classes\AugRadarTrans.uc)
Log: Imported: Class DeusEx.AugRadarTrans
Log: FactoryCreateText: Class with ClassFactoryUC (0 1 ..\DeusEx\Classes\AugShield.uc)
Log: Imported: Class DeusEx.AugShield
Log: FactoryCreateText: Class with ClassFactoryUC (0 1 ..\DeusEx\Classes\AugSpeed.uc)
Log: Imported: Class DeusEx.AugSpeed
Log: FactoryCreateText: Class with ClassFactoryUC (0 1 ..\DeusEx\Classes\AugStealth.uc)
Log: Imported: Class DeusEx.AugStealth
Log: FactoryCreateText: Class with ClassFactoryUC (0 1 ..\DeusEx\Classes\AugTarget.uc)
Log: Imported: Class DeusEx.AugTarget
Log: FactoryCreateText: Class with ClassFactoryUC (0 1 ..\DeusEx\Classes\AugVision.uc)
Log: Imported: Class DeusEx.AugVision
Log: FactoryCreateText: Class with ClassFactoryUC (0 1 ..\DeusEx\Classes\AutoTurret.uc)
Log: Imported: Class DeusEx.AutoTurret
Log: FactoryCreateText: Class with ClassFactoryUC (0 1 ..\DeusEx\Classes\AutoTurretGun.uc)
Log: Imported: Class DeusEx.AutoTurretGun
Log: FactoryCreateText: Class with ClassFactoryUC (0 1 ..\DeusEx\Classes\AutoTurretGunSmall.uc)
Log: Imported: Class DeusEx.AutoTurretGunSmall
Log: FactoryCreateText: Class with ClassFactoryUC (0 1 ..\DeusEx\Classes\AutoTurretSmall.uc)
Log: Imported: Class DeusEx.AutoTurretSmall
Log: FactoryCreateText: Class with ClassFactoryUC (0 1 ..\DeusEx\Classes\BallisticArmor.uc)
Log: Imported: Class DeusEx.BallisticArmor
Log: FactoryCreateText: Class with ClassFactoryUC (0 1 ..\DeusEx\Classes\BarkManager.uc)
Log: Imported: Class DeusEx.BarkManager
Log: FactoryCreateText: Class with ClassFactoryUC (0 1 ..\DeusEx\Classes\Barrel1.uc)
Log: Imported: Class DeusEx.Barrel1
Log: FactoryCreateText: Class with ClassFactoryUC (0 1 ..\DeusEx\Classes\BarrelAmbrosia.uc)
Log: Imported: Class DeusEx.BarrelAmbrosia
Log: FactoryCreateText: Class with ClassFactoryUC (0 1 ..\DeusEx\Classes\BarrelFire.uc)
Log: Imported: Class DeusEx.BarrelFire
Log: FactoryCreateText: Class with ClassFactoryUC (0 1 ..\DeusEx\Classes\BarrelVirus.uc)
Log: Imported: Class DeusEx.BarrelVirus
Log: FactoryCreateText: Class with ClassFactoryUC (0 1 ..\DeusEx\Classes\Bartender.uc)
Log: Imported: Class DeusEx.Bartender
Log: FactoryCreateText: Class with ClassFactoryUC (0 1 ..\DeusEx\Classes\BartenderCarcass.uc)
Log: Imported: Class DeusEx.BartenderCarcass
Log: FactoryCreateText: Class with ClassFactoryUC (0 1 ..\DeusEx\Classes\basicteamdmgame.uc)
Log: Imported: Class DeusEx.basicteamdmgame
Log: FactoryCreateText: Class with ClassFactoryUC (0 1 ..\DeusEx\Classes\Basket.uc)
Log: Imported: Class DeusEx.Basket
Log: FactoryCreateText: Class with ClassFactoryUC (0 1 ..\DeusEx\Classes\Basketball.uc)
Log: Imported: Class DeusEx.Basketball
Log: FactoryCreateText: Class with ClassFactoryUC (0 1 ..\DeusEx\Classes\Beam.uc)
Log: Imported: Class DeusEx.Beam
Log: FactoryCreateText: Class with ClassFactoryUC (0 1 ..\DeusEx\Classes\BeamTrigger.uc)
Log: Imported: Class DeusEx.BeamTrigger
Log: FactoryCreateText: Class with ClassFactoryUC (0 1 ..\DeusEx\Classes\BehindTheCurtain.uc)
Log: Imported: Class DeusEx.BehindTheCurtain
Log: FactoryCreateText: Class with ClassFactoryUC (0 1 ..\DeusEx\Classes\Binoculars.uc)
Log: Imported: Class DeusEx.Binoculars
Log: FactoryCreateText: Class with ClassFactoryUC (0 1 ..\DeusEx\Classes\BioelectricCell.uc)
Log: Imported: Class DeusEx.BioelectricCell
Log: FactoryCreateText: Class with ClassFactoryUC (0 1 ..\DeusEx\Classes\Bird.uc)
Log: Imported: Class DeusEx.Bird
Log: FactoryCreateText: Class with ClassFactoryUC (0 1 ..\DeusEx\Classes\BlackHelicopter.uc)
Log: Imported: Class DeusEx.BlackHelicopter
Log: FactoryCreateText: Class with ClassFactoryUC (0 1 ..\DeusEx\Classes\BloodDrop.uc)
Log: Imported: Class DeusEx.BloodDrop
Log: FactoryCreateText: Class with ClassFactoryUC (0 1 ..\DeusEx\Classes\BloodPool.uc)
Log: Imported: Class DeusEx.BloodPool
Log: FactoryCreateText: Class with ClassFactoryUC (0 1 ..\DeusEx\Classes\BloodSplat.uc)
Log: Imported: Class DeusEx.BloodSplat
Log: FactoryCreateText: Class with ClassFactoryUC (0 1 ..\DeusEx\Classes\BloodSpurt.uc)
Log: Imported: Class DeusEx.BloodSpurt
Log: FactoryCreateText: Class with ClassFactoryUC (0 1 ..\DeusEx\Classes\BoatPerson.uc)
Log: Imported: Class DeusEx.BoatPerson
Log: FactoryCreateText: Class with ClassFactoryUC (0 1 ..\DeusEx\Classes\BoatPersonCarcass.uc)
Log: Imported: Class DeusEx.BoatPersonCarcass
Log: FactoryCreateText: Class with ClassFactoryUC (0 1 ..\DeusEx\Classes\BobPage.uc)
Log: Imported: Class DeusEx.BobPage
Log: FactoryCreateText: Class with ClassFactoryUC (0 1 ..\DeusEx\Classes\BobPageAugmented.uc)
Log: Imported: Class DeusEx.BobPageAugmented
Log: FactoryCreateText: Class with ClassFactoryUC (0 1 ..\DeusEx\Classes\BobPageCarcass.uc)
Log: Imported: Class DeusEx.BobPageCarcass
Log: FactoryCreateText: Class with ClassFactoryUC (0 1 ..\DeusEx\Classes\BoneFemur.uc)
Log: Imported: Class DeusEx.BoneFemur
Log: FactoryCreateText: Class with ClassFactoryUC (0 1 ..\DeusEx\Classes\BoneSkull.uc)
Log: Imported: Class DeusEx.BoneSkull
Log: FactoryCreateText: Class with ClassFactoryUC (0 1 ..\DeusEx\Classes\BookClosed.uc)
Log: Imported: Class DeusEx.BookClosed
Log: FactoryCreateText: Class with ClassFactoryUC (0 1 ..\DeusEx\Classes\BookOpen.uc)
Log: Imported: Class DeusEx.BookOpen
Log: FactoryCreateText: Class with ClassFactoryUC (0 1 ..\DeusEx\Classes\BoxLarge.uc)
Log: Imported: Class DeusEx.BoxLarge
Log: FactoryCreateText: Class with ClassFactoryUC (0 1 ..\DeusEx\Classes\BoxMedium.uc)
Log: Imported: Class DeusEx.BoxMedium
Log: FactoryCreateText: Class with ClassFactoryUC (0 1 ..\DeusEx\Classes\BoxSmall.uc)
Log: Imported: Class DeusEx.BoxSmall
Log: FactoryCreateText: Class with ClassFactoryUC (0 1 ..\DeusEx\Classes\BreakableGlass.uc)
Log: Imported: Class DeusEx.BreakableGlass
Log: FactoryCreateText: Class with ClassFactoryUC (0 1 ..\DeusEx\Classes\BreakableWall.uc)
Log: Imported: Class DeusEx.BreakableWall
Log: FactoryCreateText: Class with ClassFactoryUC (0 1 ..\DeusEx\Classes\BulletHole.uc)
Log: Imported: Class DeusEx.BulletHole
Log: FactoryCreateText: Class with ClassFactoryUC (0 1 ..\DeusEx\Classes\BumFemale.uc)
Log: Imported: Class DeusEx.BumFemale
Log: FactoryCreateText: Class with ClassFactoryUC (0 1 ..\DeusEx\Classes\BumFemaleCarcass.uc)
Log: Imported: Class DeusEx.BumFemaleCarcass
Log: FactoryCreateText: Class with ClassFactoryUC (0 1 ..\DeusEx\Classes\BumMale.uc)
Log: Imported: Class DeusEx.BumMale
Log: FactoryCreateText: Class with ClassFactoryUC (0 1 ..\DeusEx\Classes\BumMale2.uc)
Log: Imported: Class DeusEx.BumMale2
Log: FactoryCreateText: Class with ClassFactoryUC (0 1 ..\DeusEx\Classes\BumMale2Carcass.uc)
Log: Imported: Class DeusEx.BumMale2Carcass
Log: FactoryCreateText: Class with ClassFactoryUC (0 1 ..\DeusEx\Classes\BumMale3.uc)
Log: Imported: Class DeusEx.BumMale3
Log: FactoryCreateText: Class with ClassFactoryUC (0 1 ..\DeusEx\Classes\BumMale3Carcass.uc)
Log: Imported: Class DeusEx.BumMale3Carcass
Log: FactoryCreateText: Class with ClassFactoryUC (0 1 ..\DeusEx\Classes\BumMaleCarcass.uc)
Log: Imported: Class DeusEx.BumMaleCarcass
Log: FactoryCreateText: Class with ClassFactoryUC (0 1 ..\DeusEx\Classes\Buoy.uc)
Log: Imported: Class DeusEx.Buoy
Log: FactoryCreateText: Class with ClassFactoryUC (0 1 ..\DeusEx\Classes\BurnMark.uc)
Log: Imported: Class DeusEx.BurnMark
Log: FactoryCreateText: Class with ClassFactoryUC (0 1 ..\DeusEx\Classes\Bushes1.uc)
Log: Imported: Class DeusEx.Bushes1
Log: FactoryCreateText: Class with ClassFactoryUC (0 1 ..\DeusEx\Classes\Bushes2.uc)
Log: Imported: Class DeusEx.Bushes2
Log: FactoryCreateText: Class with ClassFactoryUC (0 1 ..\DeusEx\Classes\Bushes3.uc)
Log: Imported: Class DeusEx.Bushes3
Log: FactoryCreateText: Class with ClassFactoryUC (0 1 ..\DeusEx\Classes\Businessman1.uc)
Log: Imported: Class DeusEx.Businessman1
Log: FactoryCreateText: Class with ClassFactoryUC (0 1 ..\DeusEx\Classes\Businessman1Carcass.uc)
Log: Imported: Class DeusEx.Businessman1Carcass
Log: FactoryCreateText: Class with ClassFactoryUC (0 1 ..\DeusEx\Classes\Businessman2.uc)
Log: Imported: Class DeusEx.Businessman2
Log: FactoryCreateText: Class with ClassFactoryUC (0 1 ..\DeusEx\Classes\Businessman2Carcass.uc)
Log: Imported: Class DeusEx.Businessman2Carcass
Log: FactoryCreateText: Class with ClassFactoryUC (0 1 ..\DeusEx\Classes\Businessman3.uc)
Log: Imported: Class DeusEx.Businessman3
Log: FactoryCreateText: Class with ClassFactoryUC (0 1 ..\DeusEx\Classes\Businessman3Carcass.uc)
Log: Imported: Class DeusEx.Businessman3Carcass
Log: FactoryCreateText: Class with ClassFactoryUC (0 1 ..\DeusEx\Classes\Businesswoman1.uc)
Log: Imported: Class DeusEx.Businesswoman1
Log: FactoryCreateText: Class with ClassFactoryUC (0 1 ..\DeusEx\Classes\Businesswoman1Carcass.uc)
Log: Imported: Class DeusEx.Businesswoman1Carcass
Log: FactoryCreateText: Class with ClassFactoryUC (0 1 ..\DeusEx\Classes\Butler.uc)
Log: Imported: Class DeusEx.Butler
Log: FactoryCreateText: Class with ClassFactoryUC (0 1 ..\DeusEx\Classes\ButlerCarcass.uc)
Log: Imported: Class DeusEx.ButlerCarcass
Log: FactoryCreateText: Class with ClassFactoryUC (0 1 ..\DeusEx\Classes\Button1.uc)
Log: Imported: Class DeusEx.Button1
Log: FactoryCreateText: Class with ClassFactoryUC (0 1 ..\DeusEx\Classes\Cactus1.uc)
Log: Imported: Class DeusEx.Cactus1
Log: FactoryCreateText: Class with ClassFactoryUC (0 1 ..\DeusEx\Classes\Cactus2.uc)
Log: Imported: Class DeusEx.Cactus2
Log: FactoryCreateText: Class with ClassFactoryUC (0 1 ..\DeusEx\Classes\CageLight.uc)
Log: Imported: Class DeusEx.CageLight
Log: FactoryCreateText: Class with ClassFactoryUC (0 1 ..\DeusEx\Classes\Candybar.uc)
Log: Imported: Class DeusEx.Candybar
Log: FactoryCreateText: Class with ClassFactoryUC (0 1 ..\DeusEx\Classes\CarBurned.uc)
Log: Imported: Class DeusEx.CarBurned
Log: FactoryCreateText: Class with ClassFactoryUC (0 1 ..\DeusEx\Classes\CarStripped.uc)
Log: Imported: Class DeusEx.CarStripped
Log: FactoryCreateText: Class with ClassFactoryUC (0 1 ..\DeusEx\Classes\Cart.uc)
Log: Imported: Class DeusEx.Cart
Log: FactoryCreateText: Class with ClassFactoryUC (0 1 ..\DeusEx\Classes\CarWrecked.uc)
Log: Imported: Class DeusEx.CarWrecked
Log: FactoryCreateText: Class with ClassFactoryUC (0 1 ..\DeusEx\Classes\Cat.uc)
Log: Imported: Class DeusEx.Cat
Log: FactoryCreateText: Class with ClassFactoryUC (0 1 ..\DeusEx\Classes\CatCarcass.uc)
Log: Imported: Class DeusEx.CatCarcass
Log: FactoryCreateText: Class with ClassFactoryUC (0 1 ..\DeusEx\Classes\CeilingFan.uc)
Log: Imported: Class DeusEx.CeilingFan
Log: FactoryCreateText: Class with ClassFactoryUC (0 1 ..\DeusEx\Classes\CeilingFanMotor.uc)
Log: Imported: Class DeusEx.CeilingFanMotor
Log: FactoryCreateText: Class with ClassFactoryUC (0 1 ..\DeusEx\Classes\Chad.uc)
Log: Imported: Class DeusEx.Chad
Log: FactoryCreateText: Class with ClassFactoryUC (0 1 ..\DeusEx\Classes\ChadCarcass.uc)
Log: Imported: Class DeusEx.ChadCarcass
Log: FactoryCreateText: Class with ClassFactoryUC (0 1 ..\DeusEx\Classes\Chair1.uc)
Log: Imported: Class DeusEx.Chair1
Log: FactoryCreateText: Class with ClassFactoryUC (0 1 ..\DeusEx\Classes\ChairLeather.uc)
Log: Imported: Class DeusEx.ChairLeather
Log: FactoryCreateText: Class with ClassFactoryUC (0 1 ..\DeusEx\Classes\Chandelier.uc)
Log: Imported: Class DeusEx.Chandelier
Log: FactoryCreateText: Class with ClassFactoryUC (0 1 ..\DeusEx\Classes\CharacterModelButton.uc)
Log: Imported: Class DeusEx.CharacterModelButton
Log: FactoryCreateText: Class with ClassFactoryUC (0 1 ..\DeusEx\Classes\ChargedPickup.uc)
Log: Imported: Class DeusEx.ChargedPickup
Log: FactoryCreateText: Class with ClassFactoryUC (0 1 ..\DeusEx\Classes\Chef.uc)
Log: Imported: Class DeusEx.Chef
Log: FactoryCreateText: Class with ClassFactoryUC (0 1 ..\DeusEx\Classes\ChefCarcass.uc)
Log: Imported: Class DeusEx.ChefCarcass
Log: FactoryCreateText: Class with ClassFactoryUC (0 1 ..\DeusEx\Classes\ChildMale.uc)
Log: Imported: Class DeusEx.ChildMale
Log: FactoryCreateText: Class with ClassFactoryUC (0 1 ..\DeusEx\Classes\ChildMale2.uc)
Log: Imported: Class DeusEx.ChildMale2
Log: FactoryCreateText: Class with ClassFactoryUC (0 1 ..\DeusEx\Classes\ChildMale2Carcass.uc)
Log: Imported: Class DeusEx.ChildMale2Carcass
Log: FactoryCreateText: Class with ClassFactoryUC (0 1 ..\DeusEx\Classes\ChildMaleCarcass.uc)
Log: Imported: Class DeusEx.ChildMaleCarcass
Log: FactoryCreateText: Class with ClassFactoryUC (0 1 ..\DeusEx\Classes\CigaretteMachine.uc)
Log: Imported: Class DeusEx.CigaretteMachine
Log: FactoryCreateText: Class with ClassFactoryUC (0 1 ..\DeusEx\Classes\Cigarettes.uc)
Log: Imported: Class DeusEx.Cigarettes
Log: FactoryCreateText: Class with ClassFactoryUC (0 1 ..\DeusEx\Classes\CinematicWindow.uc)
Log: Imported: Class DeusEx.CinematicWindow
Log: FactoryCreateText: Class with ClassFactoryUC (0 1 ..\DeusEx\Classes\CleanerBot.uc)
Log: Imported: Class DeusEx.CleanerBot
Log: FactoryCreateText: Class with ClassFactoryUC (0 1 ..\DeusEx\Classes\ClothesRack.uc)
Log: Imported: Class DeusEx.ClothesRack
Log: FactoryCreateText: Class with ClassFactoryUC (0 1 ..\DeusEx\Classes\Cloud.uc)
Log: Imported: Class DeusEx.Cloud
Log: FactoryCreateText: Class with ClassFactoryUC (0 1 ..\DeusEx\Classes\CoffeeTable.uc)
Log: Imported: Class DeusEx.CoffeeTable
Log: FactoryCreateText: Class with ClassFactoryUC (0 1 ..\DeusEx\Classes\ColorTheme.uc)
Log: Imported: Class DeusEx.ColorTheme
Log: FactoryCreateText: Class with ClassFactoryUC (0 1 ..\DeusEx\Classes\ColorThemeHUD.uc)
Log: Imported: Class DeusEx.ColorThemeHUD
Log: FactoryCreateText: Class with ClassFactoryUC (0 1 ..\DeusEx\Classes\ColorThemeHUD_Amber.uc)
Log: Imported: Class DeusEx.ColorThemeHUD_Amber
Log: FactoryCreateText: Class with ClassFactoryUC (0 1 ..\DeusEx\Classes\ColorThemeHUD_Cops.uc)
Log: Imported: Class DeusEx.ColorThemeHUD_Cops
Log: FactoryCreateText: Class with ClassFactoryUC (0 1 ..\DeusEx\Classes\ColorThemeHUD_Cyan.uc)
Log: Imported: Class DeusEx.ColorThemeHUD_Cyan
Log: FactoryCreateText: Class with ClassFactoryUC (0 1 ..\DeusEx\Classes\ColorThemeHUD_DarkBlue.uc)
Log: Imported: Class DeusEx.ColorThemeHUD_DarkBlue
Log: FactoryCreateText: Class with ClassFactoryUC (0 1 ..\DeusEx\Classes\ColorThemeHUD_Default.uc)
Log: Imported: Class DeusEx.ColorThemeHUD_Default
Log: FactoryCreateText: Class with ClassFactoryUC (0 1 ..\DeusEx\Classes\ColorThemeHUD_DesertStorm.uc)
Log: Imported: Class DeusEx.ColorThemeHUD_DesertStorm
Log: FactoryCreateText: Class with ClassFactoryUC (0 1 ..\DeusEx\Classes\ColorThemeHUD_DriedBlood.uc)
Log: Imported: Class DeusEx.ColorThemeHUD_DriedBlood
Log: FactoryCreateText: Class with ClassFactoryUC (0 1 ..\DeusEx\Classes\ColorThemeHUD_Dusk.uc)
Log: Imported: Class DeusEx.ColorThemeHUD_Dusk
Log: FactoryCreateText: Class with ClassFactoryUC (0 1 ..\DeusEx\Classes\ColorThemeHUD_Grey.uc)
Log: Imported: Class DeusEx.ColorThemeHUD_Grey
Log: FactoryCreateText: Class with ClassFactoryUC (0 1 ..\DeusEx\Classes\ColorThemeHUD_IonStorm.uc)
Log: Imported: Class DeusEx.ColorThemeHUD_IonStorm
Log: FactoryCreateText: Class with ClassFactoryUC (0 1 ..\DeusEx\Classes\ColorThemeHUD_Nightvision.uc)
Log: Imported: Class DeusEx.ColorThemeHUD_Nightvision
Log: FactoryCreateText: Class with ClassFactoryUC (0 1 ..\DeusEx\Classes\ColorThemeHUD_Ninja.uc)
Log: Imported: Class DeusEx.ColorThemeHUD_Ninja
Log: FactoryCreateText: Class with ClassFactoryUC (0 1 ..\DeusEx\Classes\ColorThemeHUD_PaleGreen.uc)
Log: Imported: Class DeusEx.ColorThemeHUD_PaleGreen
Log: FactoryCreateText: Class with ClassFactoryUC (0 1 ..\DeusEx\Classes\ColorThemeHUD_Pastel.uc)
Log: Imported: Class DeusEx.ColorThemeHUD_Pastel
Log: FactoryCreateText: Class with ClassFactoryUC (0 1 ..\DeusEx\Classes\ColorThemeHUD_Plasma.uc)
Log: Imported: Class DeusEx.ColorThemeHUD_Plasma
Log: FactoryCreateText: Class with ClassFactoryUC (0 1 ..\DeusEx\Classes\ColorThemeHUD_Primaries.uc)
Log: Imported: Class DeusEx.ColorThemeHUD_Primaries
Log: FactoryCreateText: Class with ClassFactoryUC (0 1 ..\DeusEx\Classes\ColorThemeHUD_Purple.uc)
Log: Imported: Class DeusEx.ColorThemeHUD_Purple
Log: FactoryCreateText: Class with ClassFactoryUC (0 1 ..\DeusEx\Classes\ColorThemeHUD_Red.uc)
Log: Imported: Class DeusEx.ColorThemeHUD_Red
Log: FactoryCreateText: Class with ClassFactoryUC (0 1 ..\DeusEx\Classes\ColorThemeHUD_SoylentGreen.uc)
Log: Imported: Class DeusEx.ColorThemeHUD_SoylentGreen
Log: FactoryCreateText: Class with ClassFactoryUC (0 1 ..\DeusEx\Classes\ColorThemeHUD_Starlight.uc)
Log: Imported: Class DeusEx.ColorThemeHUD_Starlight
Log: FactoryCreateText: Class with ClassFactoryUC (0 1 ..\DeusEx\Classes\ColorThemeHUD_SteelGreen.uc)
Log: Imported: Class DeusEx.ColorThemeHUD_SteelGreen
Log: FactoryCreateText: Class with ClassFactoryUC (0 1 ..\DeusEx\Classes\ColorThemeHUD_Superhero.uc)
Log: Imported: Class DeusEx.ColorThemeHUD_Superhero
Log: FactoryCreateText: Class with ClassFactoryUC (0 1 ..\DeusEx\Classes\ColorThemeHUD_Terminator.uc)
Log: Imported: Class DeusEx.ColorThemeHUD_Terminator
Log: FactoryCreateText: Class with ClassFactoryUC (0 1 ..\DeusEx\Classes\ColorThemeHUD_Violet.uc)
Log: Imported: Class DeusEx.ColorThemeHUD_Violet
Log: FactoryCreateText: Class with ClassFactoryUC (0 1 ..\DeusEx\Classes\ColorThemeManager.uc)
Log: Imported: Class DeusEx.ColorThemeManager
Log: FactoryCreateText: Class with ClassFactoryUC (0 1 ..\DeusEx\Classes\ColorThemeMenu.uc)
Log: Imported: Class DeusEx.ColorThemeMenu
Log: FactoryCreateText: Class with ClassFactoryUC (0 1 ..\DeusEx\Classes\ColorThemeMenu_Blue.uc)
Log: Imported: Class DeusEx.ColorThemeMenu_Blue
Log: FactoryCreateText: Class with ClassFactoryUC (0 1 ..\DeusEx\Classes\ColorThemeMenu_BlueAndGold.uc)
Log: Imported: Class DeusEx.ColorThemeMenu_BlueAndGold
Log: FactoryCreateText: Class with ClassFactoryUC (0 1 ..\DeusEx\Classes\ColorThemeMenu_CoolGreen.uc)
Log: Imported: Class DeusEx.ColorThemeMenu_CoolGreen
Log: FactoryCreateText: Class with ClassFactoryUC (0 1 ..\DeusEx\Classes\ColorThemeMenu_Cops.uc)
Log: Imported: Class DeusEx.ColorThemeMenu_Cops
Log: FactoryCreateText: Class with ClassFactoryUC (0 1 ..\DeusEx\Classes\ColorThemeMenu_Cyan.uc)
Log: Imported: Class DeusEx.ColorThemeMenu_Cyan
Log: FactoryCreateText: Class with ClassFactoryUC (0 1 ..\DeusEx\Classes\ColorThemeMenu_Default.uc)
Log: Imported: Class DeusEx.ColorThemeMenu_Default
Log: FactoryCreateText: Class with ClassFactoryUC (0 1 ..\DeusEx\Classes\ColorThemeMenu_DesertStorm.uc)
Log: Imported: Class DeusEx.ColorThemeMenu_DesertStorm
Log: FactoryCreateText: Class with ClassFactoryUC (0 1 ..\DeusEx\Classes\ColorThemeMenu_DriedBlood.uc)
Log: Imported: Class DeusEx.ColorThemeMenu_DriedBlood
Log: FactoryCreateText: Class with ClassFactoryUC (0 1 ..\DeusEx\Classes\ColorThemeMenu_Dusk.uc)
Log: Imported: Class DeusEx.ColorThemeMenu_Dusk
Log: FactoryCreateText: Class with ClassFactoryUC (0 1 ..\DeusEx\Classes\ColorThemeMenu_Earth.uc)
Log: Imported: Class DeusEx.ColorThemeMenu_Earth
Log: FactoryCreateText: Class with ClassFactoryUC (0 1 ..\DeusEx\Classes\ColorThemeMenu_Green.uc)
Log: Imported: Class DeusEx.ColorThemeMenu_Green
Log: FactoryCreateText: Class with ClassFactoryUC (0 1 ..\DeusEx\Classes\ColorThemeMenu_Grey.uc)
Log: Imported: Class DeusEx.ColorThemeMenu_Grey
Log: FactoryCreateText: Class with ClassFactoryUC (0 1 ..\DeusEx\Classes\ColorThemeMenu_IonStorm.uc)
Log: Imported: Class DeusEx.ColorThemeMenu_IonStorm
Log: FactoryCreateText: Class with ClassFactoryUC (0 1 ..\DeusEx\Classes\ColorThemeMenu_Lava.uc)
Log: Imported: Class DeusEx.ColorThemeMenu_Lava
Log: FactoryCreateText: Class with ClassFactoryUC (0 1 ..\DeusEx\Classes\ColorThemeMenu_NightVision.uc)
Log: Imported: Class DeusEx.ColorThemeMenu_NightVision
Log: FactoryCreateText: Class with ClassFactoryUC (0 1 ..\DeusEx\Classes\ColorThemeMenu_Ninja.uc)
Log: Imported: Class DeusEx.ColorThemeMenu_Ninja
Log: FactoryCreateText: Class with ClassFactoryUC (0 1 ..\DeusEx\Classes\ColorThemeMenu_Olive.uc)
Log: Imported: Class DeusEx.ColorThemeMenu_Olive
Log: FactoryCreateText: Class with ClassFactoryUC (0 1 ..\DeusEx\Classes\ColorThemeMenu_PaleGreen.uc)
Log: Imported: Class DeusEx.ColorThemeMenu_PaleGreen
Log: FactoryCreateText: Class with ClassFactoryUC (0 1 ..\DeusEx\Classes\ColorThemeMenu_Pastel.uc)
Log: Imported: Class DeusEx.ColorThemeMenu_Pastel
Log: FactoryCreateText: Class with ClassFactoryUC (0 1 ..\DeusEx\Classes\ColorThemeMenu_Plasma.uc)
Log: Imported: Class DeusEx.ColorThemeMenu_Plasma
Log: FactoryCreateText: Class with ClassFactoryUC (0 1 ..\DeusEx\Classes\ColorThemeMenu_Primaries.uc)
Log: Imported: Class DeusEx.ColorThemeMenu_Primaries
Log: FactoryCreateText: Class with ClassFactoryUC (0 1 ..\DeusEx\Classes\ColorThemeMenu_Purple.uc)
Log: Imported: Class DeusEx.ColorThemeMenu_Purple
Log: FactoryCreateText: Class with ClassFactoryUC (0 1 ..\DeusEx\Classes\ColorThemeMenu_Red.uc)
Log: Imported: Class DeusEx.ColorThemeMenu_Red
Log: FactoryCreateText: Class with ClassFactoryUC (0 1 ..\DeusEx\Classes\ColorThemeMenu_Seawater.uc)
Log: Imported: Class DeusEx.ColorThemeMenu_Seawater
Log: FactoryCreateText: Class with ClassFactoryUC (0 1 ..\DeusEx\Classes\ColorThemeMenu_SoylentGreen.uc)
Log: Imported: Class DeusEx.ColorThemeMenu_SoylentGreen
Log: FactoryCreateText: Class with ClassFactoryUC (0 1 ..\DeusEx\Classes\ColorThemeMenu_Starlight.uc)
Log: Imported: Class DeusEx.ColorThemeMenu_Starlight
Log: FactoryCreateText: Class with ClassFactoryUC (0 1 ..\DeusEx\Classes\ColorThemeMenu_Steel.uc)
Log: Imported: Class DeusEx.ColorThemeMenu_Steel
Log: FactoryCreateText: Class with ClassFactoryUC (0 1 ..\DeusEx\Classes\ColorThemeMenu_SteelGreen.uc)
Log: Imported: Class DeusEx.ColorThemeMenu_SteelGreen
Log: FactoryCreateText: Class with ClassFactoryUC (0 1 ..\DeusEx\Classes\ColorThemeMenu_Superhero.uc)
Log: Imported: Class DeusEx.ColorThemeMenu_Superhero
Log: FactoryCreateText: Class with ClassFactoryUC (0 1 ..\DeusEx\Classes\ColorThemeMenu_Terminator.uc)
Log: Imported: Class DeusEx.ColorThemeMenu_Terminator
Log: FactoryCreateText: Class with ClassFactoryUC (0 1 ..\DeusEx\Classes\ColorThemeMenu_Violet.uc)
Log: Imported: Class DeusEx.ColorThemeMenu_Violet
Log: FactoryCreateText: Class with ClassFactoryUC (0 1 ..\DeusEx\Classes\ComputerCameraUIChoice.uc)
Log: Imported: Class DeusEx.ComputerCameraUIChoice
Log: FactoryCreateText: Class with ClassFactoryUC (0 1 ..\DeusEx\Classes\ComputerPersonal.uc)
Log: Imported: Class DeusEx.ComputerPersonal
Log: FactoryCreateText: Class with ClassFactoryUC (0 1 ..\DeusEx\Classes\ComputerPublic.uc)
Log: Imported: Class DeusEx.ComputerPublic
Log: FactoryCreateText: Class with ClassFactoryUC (0 1 ..\DeusEx\Classes\Computers.uc)
Log: Imported: Class DeusEx.Computers
Log: FactoryCreateText: Class with ClassFactoryUC (0 1 ..\DeusEx\Classes\ComputerScreenATM.uc)
Log: Imported: Class DeusEx.ComputerScreenATM
Log: FactoryCreateText: Class with ClassFactoryUC (0 1 ..\DeusEx\Classes\ComputerScreenATMDisabled.uc)
Log: Imported: Class DeusEx.ComputerScreenATMDisabled
Log: FactoryCreateText: Class with ClassFactoryUC (0 1 ..\DeusEx\Classes\ComputerScreenATMWithdraw.uc)
Log: Imported: Class DeusEx.ComputerScreenATMWithdraw
Log: FactoryCreateText: Class with ClassFactoryUC (0 1 ..\DeusEx\Classes\ComputerScreenBulletins.uc)
Log: Imported: Class DeusEx.ComputerScreenBulletins
Log: FactoryCreateText: Class with ClassFactoryUC (0 1 ..\DeusEx\Classes\ComputerScreenEmail.uc)
Log: Imported: Class DeusEx.ComputerScreenEmail
Log: FactoryCreateText: Class with ClassFactoryUC (0 1 ..\DeusEx\Classes\ComputerScreenHack.uc)
Log: Imported: Class DeusEx.ComputerScreenHack
Log: FactoryCreateText: Class with ClassFactoryUC (0 1 ..\DeusEx\Classes\ComputerScreenHackAccounts.uc)
Log: Imported: Class DeusEx.ComputerScreenHackAccounts
Log: FactoryCreateText: Class with ClassFactoryUC (0 1 ..\DeusEx\Classes\ComputerScreenLogin.uc)
Log: Imported: Class DeusEx.ComputerScreenLogin
Log: FactoryCreateText: Class with ClassFactoryUC (0 1 ..\DeusEx\Classes\ComputerScreenSecurity.uc)
Log: Imported: Class DeusEx.ComputerScreenSecurity
Log: FactoryCreateText: Class with ClassFactoryUC (0 1 ..\DeusEx\Classes\ComputerScreenSpecialOptions.uc)
Log: Imported: Class DeusEx.ComputerScreenSpecialOptions
Log: FactoryCreateText: Class with ClassFactoryUC (0 1 ..\DeusEx\Classes\ComputerSecurity.uc)
Log: Imported: Class DeusEx.ComputerSecurity
Log: FactoryCreateText: Class with ClassFactoryUC (0 1 ..\DeusEx\Classes\ComputerSecurityCameraViewButton.uc)
Log: Imported: Class DeusEx.ComputerSecurityCameraViewButton
Log: FactoryCreateText: Class with ClassFactoryUC (0 1 ..\DeusEx\Classes\ComputerSecurityCameraWindow.uc)
Log: Imported: Class DeusEx.ComputerSecurityCameraWindow
Log: FactoryCreateText: Class with ClassFactoryUC (0 1 ..\DeusEx\Classes\ComputerSecurityChoice_Camera.uc)
Log: Imported: Class DeusEx.ComputerSecurityChoice_Camera
Log: FactoryCreateText: Class with ClassFactoryUC (0 1 ..\DeusEx\Classes\ComputerSecurityChoice_DoorAccess.uc)
Log: Imported: Class DeusEx.ComputerSecurityChoice_DoorAccess
Log: FactoryCreateText: Class with ClassFactoryUC (0 1 ..\DeusEx\Classes\ComputerSecurityChoice_DoorOpen.uc)
Log: Imported: Class DeusEx.ComputerSecurityChoice_DoorOpen
Log: FactoryCreateText: Class with ClassFactoryUC (0 1 ..\DeusEx\Classes\ComputerSecurityChoice_MPCamera.uc)
Log: Imported: Class DeusEx.ComputerSecurityChoice_MPCamera
Log: FactoryCreateText: Class with ClassFactoryUC (0 1 ..\DeusEx\Classes\ComputerSecurityChoice_Turret.uc)
Log: Imported: Class DeusEx.ComputerSecurityChoice_Turret
Log: FactoryCreateText: Class with ClassFactoryUC (0 1 ..\DeusEx\Classes\ComputerSecuritySliderWindow.uc)
Log: Imported: Class DeusEx.ComputerSecuritySliderWindow
Log: FactoryCreateText: Class with ClassFactoryUC (0 1 ..\DeusEx\Classes\ComputerUIScaleClientWindow.uc)
Log: Imported: Class DeusEx.ComputerUIScaleClientWindow
Log: FactoryCreateText: Class with ClassFactoryUC (0 1 ..\DeusEx\Classes\ComputerUIWindow.uc)
Log: Imported: Class DeusEx.ComputerUIWindow
Log: FactoryCreateText: Class with ClassFactoryUC (0 1 ..\DeusEx\Classes\ConChoiceWindow.uc)
Log: Imported: Class DeusEx.ConChoiceWindow
Log: FactoryCreateText: Class with ClassFactoryUC (0 1 ..\DeusEx\Classes\ConPlay.uc)
Log: Imported: Class DeusEx.ConPlay
Log: FactoryCreateText: Class with ClassFactoryUC (0 1 ..\DeusEx\Classes\ConPlayBark.uc)
Log: Imported: Class DeusEx.ConPlayBark
Log: FactoryCreateText: Class with ClassFactoryUC (0 1 ..\DeusEx\Classes\ConPlayBase.uc)
Log: Imported: Class DeusEx.ConPlayBase
Log: FactoryCreateText: Class with ClassFactoryUC (0 1 ..\DeusEx\Classes\Containers.uc)
Log: Imported: Class DeusEx.Containers
Log: FactoryCreateText: Class with ClassFactoryUC (0 1 ..\DeusEx\Classes\ControlPanel.uc)
Log: Imported: Class DeusEx.ControlPanel
Log: FactoryCreateText: Class with ClassFactoryUC (0 1 ..\DeusEx\Classes\ConversationTrigger.uc)
Log: Imported: Class DeusEx.ConversationTrigger
Log: FactoryCreateText: Class with ClassFactoryUC (0 1 ..\DeusEx\Classes\ConWindow.uc)
Log: Imported: Class DeusEx.ConWindow
Log: FactoryCreateText: Class with ClassFactoryUC (0 1 ..\DeusEx\Classes\ConWindowActive.uc)
Log: Imported: Class DeusEx.ConWindowActive
Log: FactoryCreateText: Class with ClassFactoryUC (0 1 ..\DeusEx\Classes\ConWindowSpeech.uc)
Log: Imported: Class DeusEx.ConWindowSpeech
Log: FactoryCreateText: Class with ClassFactoryUC (0 1 ..\DeusEx\Classes\Cop.uc)
Log: Imported: Class DeusEx.Cop
Log: FactoryCreateText: Class with ClassFactoryUC (0 1 ..\DeusEx\Classes\CopCarcass.uc)
Log: Imported: Class DeusEx.CopCarcass
Log: FactoryCreateText: Class with ClassFactoryUC (0 1 ..\DeusEx\Classes\CouchLeather.uc)
Log: Imported: Class DeusEx.CouchLeather
Log: FactoryCreateText: Class with ClassFactoryUC (0 1 ..\DeusEx\Classes\CrateBreakableMedCombat.uc)
Log: Imported: Class DeusEx.CrateBreakableMedCombat
Log: FactoryCreateText: Class with ClassFactoryUC (0 1 ..\DeusEx\Classes\CrateBreakableMedGeneral.uc)
Log: Imported: Class DeusEx.CrateBreakableMedGeneral
Log: FactoryCreateText: Class with ClassFactoryUC (0 1 ..\DeusEx\Classes\CrateBreakableMedMedical.uc)
Log: Imported: Class DeusEx.CrateBreakableMedMedical
Log: FactoryCreateText: Class with ClassFactoryUC (0 1 ..\DeusEx\Classes\CrateExplosiveSmall.uc)
Log: Imported: Class DeusEx.CrateExplosiveSmall
Log: FactoryCreateText: Class with ClassFactoryUC (0 1 ..\DeusEx\Classes\CrateUnbreakableLarge.uc)
Log: Imported: Class DeusEx.CrateUnbreakableLarge
Log: FactoryCreateText: Class with ClassFactoryUC (0 1 ..\DeusEx\Classes\CrateUnbreakableMed.uc)
Log: Imported: Class DeusEx.CrateUnbreakableMed
Log: FactoryCreateText: Class with ClassFactoryUC (0 1 ..\DeusEx\Classes\CrateUnbreakableSmall.uc)
Log: Imported: Class DeusEx.CrateUnbreakableSmall
Log: FactoryCreateText: Class with ClassFactoryUC (0 1 ..\DeusEx\Classes\Credits.uc)
Log: Imported: Class DeusEx.Credits
Log: FactoryCreateText: Class with ClassFactoryUC (0 1 ..\DeusEx\Classes\CreditsScrollWindow.uc)
Log: Imported: Class DeusEx.CreditsScrollWindow
Log: FactoryCreateText: Class with ClassFactoryUC (0 1 ..\DeusEx\Classes\CreditsWindow.uc)
Log: Imported: Class DeusEx.CreditsWindow
Log: FactoryCreateText: Class with ClassFactoryUC (0 1 ..\DeusEx\Classes\Crosshair.uc)
Log: Imported: Class DeusEx.Crosshair
Log: FactoryCreateText: Class with ClassFactoryUC (0 1 ..\DeusEx\Classes\Cushion.uc)
Log: Imported: Class DeusEx.Cushion
Log: FactoryCreateText: Class with ClassFactoryUC (0 1 ..\DeusEx\Classes\DamageHUDDisplay.uc)
Log: Imported: Class DeusEx.DamageHUDDisplay
Log: FactoryCreateText: Class with ClassFactoryUC (0 1 ..\DeusEx\Classes\DamageTrigger.uc)
Log: Imported: Class DeusEx.DamageTrigger
Log: FactoryCreateText: Class with ClassFactoryUC (0 1 ..\DeusEx\Classes\Dart.uc)
Log: Imported: Class DeusEx.Dart
Log: FactoryCreateText: Class with ClassFactoryUC (0 1 ..\DeusEx\Classes\DartFlare.uc)
Log: Imported: Class DeusEx.DartFlare
Log: FactoryCreateText: Class with ClassFactoryUC (0 1 ..\DeusEx\Classes\DartPoison.uc)
Log: Imported: Class DeusEx.DartPoison
Log: FactoryCreateText: Class with ClassFactoryUC (0 1 ..\DeusEx\Classes\DataCube.uc)
Log: Imported: Class DeusEx.DataCube
Log: FactoryCreateText: Class with ClassFactoryUC (0 1 ..\DeusEx\Classes\DataLinkPlay.uc)
Log: Imported: Class DeusEx.DataLinkPlay
Log: FactoryCreateText: Class with ClassFactoryUC (0 1 ..\DeusEx\Classes\DataLinkTrigger.uc)
Log: Imported: Class DeusEx.DataLinkTrigger
Log: FactoryCreateText: Class with ClassFactoryUC (0 1 ..\DeusEx\Classes\DataVaultImage.uc)
Log: Imported: Class DeusEx.DataVaultImage
Log: FactoryCreateText: Class with ClassFactoryUC (0 1 ..\DeusEx\Classes\DataVaultImageNote.uc)
Log: Imported: Class DeusEx.DataVaultImageNote
Log: FactoryCreateText: Class with ClassFactoryUC (0 1 ..\DeusEx\Classes\DeathMatchGame.uc)
Log: Imported: Class DeusEx.DeathMatchGame
Log: FactoryCreateText: Class with ClassFactoryUC (0 1 ..\DeusEx\Classes\DemoSplashWindow.uc)
Log: Imported: Class DeusEx.DemoSplashWindow
Log: FactoryCreateText: Class with ClassFactoryUC (0 1 ..\DeusEx\Classes\DentonClone.uc)
Log: Imported: Class DeusEx.DentonClone
Log: FactoryCreateText: Class with ClassFactoryUC (0 1 ..\DeusEx\Classes\DeusExAmmo.uc)
Log: Imported: Class DeusEx.DeusExAmmo
Log: FactoryCreateText: Class with ClassFactoryUC (0 1 ..\DeusEx\Classes\DeusExBaseWindow.uc)
Log: Imported: Class DeusEx.DeusExBaseWindow
Log: FactoryCreateText: Class with ClassFactoryUC (0 1 ..\DeusEx\Classes\DeusExCarcass.uc)
Log: Imported: Class DeusEx.DeusExCarcass
Log: FactoryCreateText: Class with ClassFactoryUC (0 1 ..\DeusEx\Classes\DeusExDecal.uc)
Log: Imported: Class DeusEx.DeusExDecal
Log: FactoryCreateText: Class with ClassFactoryUC (0 1 ..\DeusEx\Classes\DeusExDecoration.uc)
Log: Imported: Class DeusEx.DeusExDecoration
Log: FactoryCreateText: Class with ClassFactoryUC (0 1 ..\DeusEx\Classes\DeusExEditWindow.uc)
Log: Imported: Class DeusEx.DeusExEditWindow
Log: FactoryCreateText: Class with ClassFactoryUC (0 1 ..\DeusEx\Classes\DeusExFragment.uc)
Log: Imported: Class DeusEx.DeusExFragment
Log: FactoryCreateText: Class with ClassFactoryUC (0 1 ..\DeusEx\Classes\DeusExGameInfo.uc)
Log: Imported: Class DeusEx.DeusExGameInfo
Log: FactoryCreateText: Class with ClassFactoryUC (0 1 ..\DeusEx\Classes\DeusExGoal.uc)
Log: Imported: Class DeusEx.DeusExGoal
Log: FactoryCreateText: Class with ClassFactoryUC (0 1 ..\DeusEx\Classes\deusexgspylink.uc)
Log: Imported: Class DeusEx.deusexgspylink
Log: FactoryCreateText: Class with ClassFactoryUC (0 1 ..\DeusEx\Classes\DeusExHUD.uc)
Log: Imported: Class DeusEx.DeusExHUD
Log: FactoryCreateText: Class with ClassFactoryUC (0 1 ..\DeusEx\Classes\DeusExLevelInfo.uc)
Log: Imported: Class DeusEx.DeusExLevelInfo
Log: FactoryCreateText: Class with ClassFactoryUC (0 1 ..\DeusEx\Classes\deusexlocallink.uc)
Log: Imported: Class DeusEx.deusexlocallink
Log: FactoryCreateText: Class with ClassFactoryUC (0 1 ..\DeusEx\Classes\DeusExLog.uc)
Log: Imported: Class DeusEx.DeusExLog
Log: FactoryCreateText: Class with ClassFactoryUC (0 1 ..\DeusEx\Classes\DeusExMover.uc)
Log: Imported: Class DeusEx.DeusExMover
Log: FactoryCreateText: Class with ClassFactoryUC (0 1 ..\DeusEx\Classes\DeusExMPGame.uc)
Log: Imported: Class DeusEx.DeusExMPGame
Log: FactoryCreateText: Class with ClassFactoryUC (0 1 ..\DeusEx\Classes\DeusExNote.uc)
Log: Imported: Class DeusEx.DeusExNote
Log: FactoryCreateText: Class with ClassFactoryUC (0 1 ..\DeusEx\Classes\DeusExPickup.uc)
Log: Imported: Class DeusEx.DeusExPickup
Log: FactoryCreateText: Class with ClassFactoryUC (0 1 ..\DeusEx\Classes\DeusExPlayer.uc)
Log: Imported: Class DeusEx.DeusExPlayer
Log: FactoryCreateText: Class with ClassFactoryUC (0 1 ..\DeusEx\Classes\DeusExProjectile.uc)
Log: Imported: Class DeusEx.DeusExProjectile
Log: FactoryCreateText: Class with ClassFactoryUC (0 1 ..\DeusEx\Classes\DeusExRootWindow.uc)
Log: Imported: Class DeusEx.DeusExRootWindow
Log: FactoryCreateText: Class with ClassFactoryUC (0 1 ..\DeusEx\Classes\DeusExSaveInfo.uc)
Log: Imported: Class DeusEx.DeusExSaveInfo
Log: FactoryCreateText: Class with ClassFactoryUC (0 1 ..\DeusEx\Classes\DeusExScopeView.uc)
Log: Imported: Class DeusEx.DeusExScopeView
Log: FactoryCreateText: Class with ClassFactoryUC (0 1 ..\DeusEx\Classes\DeusExScrollAreaWindow.uc)
Log: Imported: Class DeusEx.DeusExScrollAreaWindow
Log: FactoryCreateText: Class with ClassFactoryUC (0 1 ..\DeusEx\Classes\deusexserverlist.uc)
Log: Imported: Class DeusEx.deusexserverlist
Log: FactoryCreateText: Class with ClassFactoryUC (0 1 ..\DeusEx\Classes\deusexserverping.uc)
Log: Imported: Class DeusEx.deusexserverping
Log: FactoryCreateText: Class with ClassFactoryUC (0 1 ..\DeusEx\Classes\DeusExWeapon.uc)
Log: Imported: Class DeusEx.DeusExWeapon
Log: FactoryCreateText: Class with ClassFactoryUC (0 1 ..\DeusEx\Classes\DirectionalTrigger.uc)
Log: Imported: Class DeusEx.DirectionalTrigger
Log: FactoryCreateText: Class with ClassFactoryUC (0 1 ..\DeusEx\Classes\Doberman.uc)
Log: Imported: Class DeusEx.Doberman
Log: FactoryCreateText: Class with ClassFactoryUC (0 1 ..\DeusEx\Classes\DobermanCarcass.uc)
Log: Imported: Class DeusEx.DobermanCarcass
Log: FactoryCreateText: Class with ClassFactoryUC (0 1 ..\DeusEx\Classes\Doctor.uc)
Log: Imported: Class DeusEx.Doctor
Log: FactoryCreateText: Class with ClassFactoryUC (0 1 ..\DeusEx\Classes\DoctorCarcass.uc)
Log: Imported: Class DeusEx.DoctorCarcass
Log: FactoryCreateText: Class with ClassFactoryUC (0 1 ..\DeusEx\Classes\Dog.uc)
Log: Imported: Class DeusEx.Dog
Log: FactoryCreateText: Class with ClassFactoryUC (0 1 ..\DeusEx\Classes\DumpLocation.uc)
Log: Imported: Class DeusEx.DumpLocation
Log: FactoryCreateText: Class with ClassFactoryUC (0 1 ..\DeusEx\Classes\DumpLocationBaseWindow.uc)
Log: Imported: Class DeusEx.DumpLocationBaseWindow
Log: FactoryCreateText: Class with ClassFactoryUC (0 1 ..\DeusEx\Classes\DumpLocationEditWindow.uc)
Log: Imported: Class DeusEx.DumpLocationEditWindow
Log: FactoryCreateText: Class with ClassFactoryUC (0 1 ..\DeusEx\Classes\DumpLocationListLocationsWindow.uc)
Log: Imported: Class DeusEx.DumpLocationListLocationsWindow
Log: FactoryCreateText: Class with ClassFactoryUC (0 1 ..\DeusEx\Classes\DumpLocationListWindow.uc)
Log: Imported: Class DeusEx.DumpLocationListWindow
Log: FactoryCreateText: Class with ClassFactoryUC (0 1 ..\DeusEx\Classes\DXLogo.uc)
Log: Imported: Class DeusEx.DXLogo
Log: FactoryCreateText: Class with ClassFactoryUC (0 1 ..\DeusEx\Classes\dxmaplist.uc)
Log: Imported: Class DeusEx.dxmaplist
Log: FactoryCreateText: Class with ClassFactoryUC (0 1 ..\DeusEx\Classes\DXText.uc)
Log: Imported: Class DeusEx.DXText
Log: FactoryCreateText: Class with ClassFactoryUC (0 1 ..\DeusEx\Classes\Earth.uc)
Log: Imported: Class DeusEx.Earth
Log: FactoryCreateText: Class with ClassFactoryUC (0 1 ..\DeusEx\Classes\EidosLogo.uc)
Log: Imported: Class DeusEx.EidosLogo
Log: FactoryCreateText: Class with ClassFactoryUC (0 1 ..\DeusEx\Classes\ElectricityEmitter.uc)
Log: Imported: Class DeusEx.ElectricityEmitter
Log: FactoryCreateText: Class with ClassFactoryUC (0 1 ..\DeusEx\Classes\ElectronicDevices.uc)
Log: Imported: Class DeusEx.ElectronicDevices
Log: FactoryCreateText: Class with ClassFactoryUC (0 1 ..\DeusEx\Classes\ElevatorMover.uc)
Log: Imported: Class DeusEx.ElevatorMover
Log: FactoryCreateText: Class with ClassFactoryUC (0 1 ..\DeusEx\Classes\EllipseEffect.uc)
Log: Imported: Class DeusEx.EllipseEffect
Log: FactoryCreateText: Class with ClassFactoryUC (0 1 ..\DeusEx\Classes\EMPGrenade.uc)
Log: Imported: Class DeusEx.EMPGrenade
Log: FactoryCreateText: Class with ClassFactoryUC (0 1 ..\DeusEx\Classes\ExplosionLarge.uc)
Log: Imported: Class DeusEx.ExplosionLarge
Log: FactoryCreateText: Class with ClassFactoryUC (0 1 ..\DeusEx\Classes\ExplosionLight.uc)
Log: Imported: Class DeusEx.ExplosionLight
Log: FactoryCreateText: Class with ClassFactoryUC (0 1 ..\DeusEx\Classes\ExplosionMedium.uc)
Log: Imported: Class DeusEx.ExplosionMedium
Log: FactoryCreateText: Class with ClassFactoryUC (0 1 ..\DeusEx\Classes\ExplosionSmall.uc)
Log: Imported: Class DeusEx.ExplosionSmall
Log: FactoryCreateText: Class with ClassFactoryUC (0 1 ..\DeusEx\Classes\FadeTextWindow.uc)
Log: Imported: Class DeusEx.FadeTextWindow
Log: FactoryCreateText: Class with ClassFactoryUC (0 1 ..\DeusEx\Classes\FadeViewTrigger.uc)
Log: Imported: Class DeusEx.FadeViewTrigger
Log: FactoryCreateText: Class with ClassFactoryUC (0 1 ..\DeusEx\Classes\Fan1.uc)
Log: Imported: Class DeusEx.Fan1
Log: FactoryCreateText: Class with ClassFactoryUC (0 1 ..\DeusEx\Classes\Fan1Vertical.uc)
Log: Imported: Class DeusEx.Fan1Vertical
Log: FactoryCreateText: Class with ClassFactoryUC (0 1 ..\DeusEx\Classes\Fan2.uc)
Log: Imported: Class DeusEx.Fan2
Log: FactoryCreateText: Class with ClassFactoryUC (0 1 ..\DeusEx\Classes\Faucet.uc)
Log: Imported: Class DeusEx.Faucet
Log: FactoryCreateText: Class with ClassFactoryUC (0 1 ..\DeusEx\Classes\Female1.uc)
Log: Imported: Class DeusEx.Female1
Log: FactoryCreateText: Class with ClassFactoryUC (0 1 ..\DeusEx\Classes\Female1Carcass.uc)
Log: Imported: Class DeusEx.Female1Carcass
Log: FactoryCreateText: Class with ClassFactoryUC (0 1 ..\DeusEx\Classes\Female2.uc)
Log: Imported: Class DeusEx.Female2
Log: FactoryCreateText: Class with ClassFactoryUC (0 1 ..\DeusEx\Classes\Female2Carcass.uc)
Log: Imported: Class DeusEx.Female2Carcass
Log: FactoryCreateText: Class with ClassFactoryUC (0 1 ..\DeusEx\Classes\Female3.uc)
Log: Imported: Class DeusEx.Female3
Log: FactoryCreateText: Class with ClassFactoryUC (0 1 ..\DeusEx\Classes\Female3Carcass.uc)
Log: Imported: Class DeusEx.Female3Carcass
Log: FactoryCreateText: Class with ClassFactoryUC (0 1 ..\DeusEx\Classes\Female4.uc)
Log: Imported: Class DeusEx.Female4
Log: FactoryCreateText: Class with ClassFactoryUC (0 1 ..\DeusEx\Classes\Female4Carcass.uc)
Log: Imported: Class DeusEx.Female4Carcass
Log: FactoryCreateText: Class with ClassFactoryUC (0 1 ..\DeusEx\Classes\Fire.uc)
Log: Imported: Class DeusEx.Fire
Log: FactoryCreateText: Class with ClassFactoryUC (0 1 ..\DeusEx\Classes\Fireball.uc)
Log: Imported: Class DeusEx.Fireball
Log: FactoryCreateText: Class with ClassFactoryUC (0 1 ..\DeusEx\Classes\FireballRocket.uc)
Log: Imported: Class DeusEx.FireballRocket
Log: FactoryCreateText: Class with ClassFactoryUC (0 1 ..\DeusEx\Classes\FireComet.uc)
Log: Imported: Class DeusEx.FireComet
Log: FactoryCreateText: Class with ClassFactoryUC (0 1 ..\DeusEx\Classes\FireExtinguisher.uc)
Log: Imported: Class DeusEx.FireExtinguisher
Log: FactoryCreateText: Class with ClassFactoryUC (0 1 ..\DeusEx\Classes\FirePlug.uc)
Log: Imported: Class DeusEx.FirePlug
Log: FactoryCreateText: Class with ClassFactoryUC (0 1 ..\DeusEx\Classes\Fish.uc)
Log: Imported: Class DeusEx.Fish
Log: FactoryCreateText: Class with ClassFactoryUC (0 1 ..\DeusEx\Classes\Fish2.uc)
Log: Imported: Class DeusEx.Fish2
Log: FactoryCreateText: Class with ClassFactoryUC (0 1 ..\DeusEx\Classes\Fish2Generator.uc)
Log: Imported: Class DeusEx.Fish2Generator
Log: FactoryCreateText: Class with ClassFactoryUC (0 1 ..\DeusEx\Classes\Fishes.uc)
Log: Imported: Class DeusEx.Fishes
Log: FactoryCreateText: Class with ClassFactoryUC (0 1 ..\DeusEx\Classes\FishGenerator.uc)
Log: Imported: Class DeusEx.FishGenerator
Log: FactoryCreateText: Class with ClassFactoryUC (0 1 ..\DeusEx\Classes\FlagAddWindow.uc)
Log: Imported: Class DeusEx.FlagAddWindow
Log: FactoryCreateText: Class with ClassFactoryUC (0 1 ..\DeusEx\Classes\FlagEditWindow.uc)
Log: Imported: Class DeusEx.FlagEditWindow
Log: FactoryCreateText: Class with ClassFactoryUC (0 1 ..\DeusEx\Classes\FlagPole.uc)
Log: Imported: Class DeusEx.FlagPole
Log: FactoryCreateText: Class with ClassFactoryUC (0 1 ..\DeusEx\Classes\FlagTrigger.uc)
Log: Imported: Class DeusEx.FlagTrigger
Log: FactoryCreateText: Class with ClassFactoryUC (0 1 ..\DeusEx\Classes\Flare.uc)
Log: Imported: Class DeusEx.Flare
Log: FactoryCreateText: Class with ClassFactoryUC (0 1 ..\DeusEx\Classes\Flask.uc)
Log: Imported: Class DeusEx.Flask
Log: FactoryCreateText: Class with ClassFactoryUC (0 1 ..\DeusEx\Classes\FleshFragment.uc)
Log: Imported: Class DeusEx.FleshFragment
Log: FactoryCreateText: Class with ClassFactoryUC (0 1 ..\DeusEx\Classes\Flowers.uc)
Log: Imported: Class DeusEx.Flowers
Log: FactoryCreateText: Class with ClassFactoryUC (0 1 ..\DeusEx\Classes\Fly.uc)
Log: Imported: Class DeusEx.Fly
Log: FactoryCreateText: Class with ClassFactoryUC (0 1 ..\DeusEx\Classes\FlyGenerator.uc)
Log: Imported: Class DeusEx.FlyGenerator
Log: FactoryCreateText: Class with ClassFactoryUC (0 1 ..\DeusEx\Classes\FordSchick.uc)
Log: Imported: Class DeusEx.FordSchick
Log: FactoryCreateText: Class with ClassFactoryUC (0 1 ..\DeusEx\Classes\FordSchickCarcass.uc)
Log: Imported: Class DeusEx.FordSchickCarcass
Log: FactoryCreateText: Class with ClassFactoryUC (0 1 ..\DeusEx\Classes\FrobDisplayWindow.uc)
Log: Imported: Class DeusEx.FrobDisplayWindow
Log: FactoryCreateText: Class with ClassFactoryUC (0 1 ..\DeusEx\Classes\Furniture.uc)
Log: Imported: Class DeusEx.Furniture
Log: FactoryCreateText: Class with ClassFactoryUC (0 1 ..\DeusEx\Classes\GameDirectory.uc)
Log: Imported: Class DeusEx.GameDirectory
Log: FactoryCreateText: Class with ClassFactoryUC (0 1 ..\DeusEx\Classes\GarySavage.uc)
Log: Imported: Class DeusEx.GarySavage
Log: FactoryCreateText: Class with ClassFactoryUC (0 1 ..\DeusEx\Classes\GarySavageCarcass.uc)
Log: Imported: Class DeusEx.GarySavageCarcass
Log: FactoryCreateText: Class with ClassFactoryUC (0 1 ..\DeusEx\Classes\GasGrenade.uc)
Log: Imported: Class DeusEx.GasGrenade
Log: FactoryCreateText: Class with ClassFactoryUC (0 1 ..\DeusEx\Classes\GeneratorScout.uc)
Log: Imported: Class DeusEx.GeneratorScout
Log: FactoryCreateText: Class with ClassFactoryUC (0 1 ..\DeusEx\Classes\GilbertRenton.uc)
Log: Imported: Class DeusEx.GilbertRenton
Log: FactoryCreateText: Class with ClassFactoryUC (0 1 ..\DeusEx\Classes\GilbertRentonCarcass.uc)
Log: Imported: Class DeusEx.GilbertRentonCarcass
Log: FactoryCreateText: Class with ClassFactoryUC (0 1 ..\DeusEx\Classes\GlassFragment.uc)
Log: Imported: Class DeusEx.GlassFragment
Log: FactoryCreateText: Class with ClassFactoryUC (0 1 ..\DeusEx\Classes\GoalCompleteTrigger.uc)
Log: Imported: Class DeusEx.GoalCompleteTrigger
Log: FactoryCreateText: Class with ClassFactoryUC (0 1 ..\DeusEx\Classes\GordonQuick.uc)
Log: Imported: Class DeusEx.GordonQuick
Log: FactoryCreateText: Class with ClassFactoryUC (0 1 ..\DeusEx\Classes\GordonQuickCarcass.uc)
Log: Imported: Class DeusEx.GordonQuickCarcass
Log: FactoryCreateText: Class with ClassFactoryUC (0 1 ..\DeusEx\Classes\Gray.uc)
Log: Imported: Class DeusEx.Gray
Log: FactoryCreateText: Class with ClassFactoryUC (0 1 ..\DeusEx\Classes\GrayCarcass.uc)
Log: Imported: Class DeusEx.GrayCarcass
Log: FactoryCreateText: Class with ClassFactoryUC (0 1 ..\DeusEx\Classes\GraySpit.uc)
Log: Imported: Class DeusEx.GraySpit
Log: FactoryCreateText: Class with ClassFactoryUC (0 1 ..\DeusEx\Classes\Greasel.uc)
Log: Imported: Class DeusEx.Greasel
Log: FactoryCreateText: Class with ClassFactoryUC (0 1 ..\DeusEx\Classes\GreaselCarcass.uc)
Log: Imported: Class DeusEx.GreaselCarcass
Log: FactoryCreateText: Class with ClassFactoryUC (0 1 ..\DeusEx\Classes\GreaselSpit.uc)
Log: Imported: Class DeusEx.GreaselSpit
Log: FactoryCreateText: Class with ClassFactoryUC (0 1 ..\DeusEx\Classes\GuntherHermann.uc)
Log: Imported: Class DeusEx.GuntherHermann
Log: FactoryCreateText: Class with ClassFactoryUC (0 1 ..\DeusEx\Classes\GuntherHermannCarcass.uc)
Log: Imported: Class DeusEx.GuntherHermannCarcass
Log: FactoryCreateText: Class with ClassFactoryUC (0 1 ..\DeusEx\Classes\HackableDevices.uc)
Log: Imported: Class DeusEx.HackableDevices
Log: FactoryCreateText: Class with ClassFactoryUC (0 1 ..\DeusEx\Classes\HalonGas.uc)
Log: Imported: Class DeusEx.HalonGas
Log: FactoryCreateText: Class with ClassFactoryUC (0 1 ..\DeusEx\Classes\HangingChicken.uc)
Log: Imported: Class DeusEx.HangingChicken
Log: FactoryCreateText: Class with ClassFactoryUC (0 1 ..\DeusEx\Classes\HangingDecoration.uc)
Log: Imported: Class DeusEx.HangingDecoration
Log: FactoryCreateText: Class with ClassFactoryUC (0 1 ..\DeusEx\Classes\HangingShopLight.uc)
Log: Imported: Class DeusEx.HangingShopLight
Log: FactoryCreateText: Class with ClassFactoryUC (0 1 ..\DeusEx\Classes\HarleyFilben.uc)
Log: Imported: Class DeusEx.HarleyFilben
Log: FactoryCreateText: Class with ClassFactoryUC (0 1 ..\DeusEx\Classes\HarleyFilbenCarcass.uc)
Log: Imported: Class DeusEx.HarleyFilbenCarcass
Log: FactoryCreateText: Class with ClassFactoryUC (0 1 ..\DeusEx\Classes\HazMatSuit.uc)
Log: Imported: Class DeusEx.HazMatSuit
Log: FactoryCreateText: Class with ClassFactoryUC (0 1 ..\DeusEx\Classes\HECannister20mm.uc)
Log: Imported: Class DeusEx.HECannister20mm
Log: FactoryCreateText: Class with ClassFactoryUC (0 1 ..\DeusEx\Classes\HidePoint.uc)
Log: Imported: Class DeusEx.HidePoint
Log: FactoryCreateText: Class with ClassFactoryUC (0 1 ..\DeusEx\Classes\Highlight.uc)
Log: Imported: Class DeusEx.Highlight
Log: FactoryCreateText: Class with ClassFactoryUC (0 1 ..\DeusEx\Classes\HKBirdcage.uc)
Log: Imported: Class DeusEx.HKBirdcage
Log: FactoryCreateText: Class with ClassFactoryUC (0 1 ..\DeusEx\Classes\HKBuddha.uc)
Log: Imported: Class DeusEx.HKBuddha
Log: FactoryCreateText: Class with ClassFactoryUC (0 1 ..\DeusEx\Classes\HKChair.uc)
Log: Imported: Class DeusEx.HKChair
Log: FactoryCreateText: Class with ClassFactoryUC (0 1 ..\DeusEx\Classes\HKCouch.uc)
Log: Imported: Class DeusEx.HKCouch
Log: FactoryCreateText: Class with ClassFactoryUC (0 1 ..\DeusEx\Classes\HKHangingLantern.uc)
Log: Imported: Class DeusEx.HKHangingLantern
Log: FactoryCreateText: Class with ClassFactoryUC (0 1 ..\DeusEx\Classes\HKHangingLantern2.uc)
Log: Imported: Class DeusEx.HKHangingLantern2
Log: FactoryCreateText: Class with ClassFactoryUC (0 1 ..\DeusEx\Classes\HKHangingPig.uc)
Log: Imported: Class DeusEx.HKHangingPig
Log: FactoryCreateText: Class with ClassFactoryUC (0 1 ..\DeusEx\Classes\HKIncenseBurner.uc)
Log: Imported: Class DeusEx.HKIncenseBurner
Log: FactoryCreateText: Class with ClassFactoryUC (0 1 ..\DeusEx\Classes\HKMarketLight.uc)
Log: Imported: Class DeusEx.HKMarketLight
Log: FactoryCreateText: Class with ClassFactoryUC (0 1 ..\DeusEx\Classes\HKMarketTable.uc)
Log: Imported: Class DeusEx.HKMarketTable
Log: FactoryCreateText: Class with ClassFactoryUC (0 1 ..\DeusEx\Classes\HKMarketTarp.uc)
Log: Imported: Class DeusEx.HKMarketTarp
Log: FactoryCreateText: Class with ClassFactoryUC (0 1 ..\DeusEx\Classes\HKMilitary.uc)
Log: Imported: Class DeusEx.HKMilitary
Log: FactoryCreateText: Class with ClassFactoryUC (0 1 ..\DeusEx\Classes\HKMilitaryCarcass.uc)
Log: Imported: Class DeusEx.HKMilitaryCarcass
Log: FactoryCreateText: Class with ClassFactoryUC (0 1 ..\DeusEx\Classes\HKTable.uc)
Log: Imported: Class DeusEx.HKTable
Log: FactoryCreateText: Class with ClassFactoryUC (0 1 ..\DeusEx\Classes\HKTukTuk.uc)
Log: Imported: Class DeusEx.HKTukTuk
Log: FactoryCreateText: Class with ClassFactoryUC (0 1 ..\DeusEx\Classes\HongKongDecoration.uc)
Log: Imported: Class DeusEx.HongKongDecoration
Log: FactoryCreateText: Class with ClassFactoryUC (0 1 ..\DeusEx\Classes\Hooker1.uc)
Log: Imported: Class DeusEx.Hooker1
Log: FactoryCreateText: Class with ClassFactoryUC (0 1 ..\DeusEx\Classes\Hooker1Carcass.uc)
Log: Imported: Class DeusEx.Hooker1Carcass
Log: FactoryCreateText: Class with ClassFactoryUC (0 1 ..\DeusEx\Classes\Hooker2.uc)
Log: Imported: Class DeusEx.Hooker2
Log: FactoryCreateText: Class with ClassFactoryUC (0 1 ..\DeusEx\Classes\Hooker2Carcass.uc)
Log: Imported: Class DeusEx.Hooker2Carcass
Log: FactoryCreateText: Class with ClassFactoryUC (0 1 ..\DeusEx\Classes\HowardStrong.uc)
Log: Imported: Class DeusEx.HowardStrong
Log: FactoryCreateText: Class with ClassFactoryUC (0 1 ..\DeusEx\Classes\HowardStrongCarcass.uc)
Log: Imported: Class DeusEx.HowardStrongCarcass
Log: FactoryCreateText: Class with ClassFactoryUC (0 1 ..\DeusEx\Classes\HUDActiveAug.uc)
Log: Imported: Class DeusEx.HUDActiveAug
Log: FactoryCreateText: Class with ClassFactoryUC (0 1 ..\DeusEx\Classes\HUDActiveAugsBorder.uc)
Log: Imported: Class DeusEx.HUDActiveAugsBorder
Log: FactoryCreateText: Class with ClassFactoryUC (0 1 ..\DeusEx\Classes\HUDActiveItem.uc)
Log: Imported: Class DeusEx.HUDActiveItem
Log: FactoryCreateText: Class with ClassFactoryUC (0 1 ..\DeusEx\Classes\HUDActiveItemBase.uc)
Log: Imported: Class DeusEx.HUDActiveItemBase
Log: FactoryCreateText: Class with ClassFactoryUC (0 1 ..\DeusEx\Classes\HUDActiveItemsBorder.uc)
Log: Imported: Class DeusEx.HUDActiveItemsBorder
Log: FactoryCreateText: Class with ClassFactoryUC (0 1 ..\DeusEx\Classes\HUDActiveItemsBorderBase.uc)
Log: Imported: Class DeusEx.HUDActiveItemsBorderBase
Log: FactoryCreateText: Class with ClassFactoryUC (0 1 ..\DeusEx\Classes\HUDActiveItemsDisplay.uc)
Log: Imported: Class DeusEx.HUDActiveItemsDisplay
Log: FactoryCreateText: Class with ClassFactoryUC (0 1 ..\DeusEx\Classes\HUDAmmoDisplay.uc)
Log: Imported: Class DeusEx.HUDAmmoDisplay
Log: FactoryCreateText: Class with ClassFactoryUC (0 1 ..\DeusEx\Classes\HUDBarkDisplay.uc)
Log: Imported: Class DeusEx.HUDBarkDisplay
Log: FactoryCreateText: Class with ClassFactoryUC (0 1 ..\DeusEx\Classes\HUDBarkDisplayItem.uc)
Log: Imported: Class DeusEx.HUDBarkDisplayItem
Log: FactoryCreateText: Class with ClassFactoryUC (0 1 ..\DeusEx\Classes\HUDBaseWindow.uc)
Log: Imported: Class DeusEx.HUDBaseWindow
Log: FactoryCreateText: Class with ClassFactoryUC (0 1 ..\DeusEx\Classes\HUDCompassDisplay.uc)
Log: Imported: Class DeusEx.HUDCompassDisplay
Log: FactoryCreateText: Class with ClassFactoryUC (0 1 ..\DeusEx\Classes\HUDConWindowFirst.uc)
Log: Imported: Class DeusEx.HUDConWindowFirst
Log: FactoryCreateText: Class with ClassFactoryUC (0 1 ..\DeusEx\Classes\HUDHitDisplay.uc)
Log: Imported: Class DeusEx.HUDHitDisplay
Log: FactoryCreateText: Class with ClassFactoryUC (0 1 ..\DeusEx\Classes\HUDInfoLinkDisplay.uc)
Log: Imported: Class DeusEx.HUDInfoLinkDisplay
Log: FactoryCreateText: Class with ClassFactoryUC (0 1 ..\DeusEx\Classes\HUDInformationDisplay.uc)
Log: Imported: Class DeusEx.HUDInformationDisplay
Log: FactoryCreateText: Class with ClassFactoryUC (0 1 ..\DeusEx\Classes\HUDKeypadButton.uc)
Log: Imported: Class DeusEx.HUDKeypadButton
Log: FactoryCreateText: Class with ClassFactoryUC (0 1 ..\DeusEx\Classes\HUDKeypadWindow.uc)
Log: Imported: Class DeusEx.HUDKeypadWindow
Log: FactoryCreateText: Class with ClassFactoryUC (0 1 ..\DeusEx\Classes\HUDLogDisplay.uc)
Log: Imported: Class DeusEx.HUDLogDisplay
Log: FactoryCreateText: Class with ClassFactoryUC (0 1 ..\DeusEx\Classes\HUDMedBotAddAugsScreen.uc)
Log: Imported: Class DeusEx.HUDMedBotAddAugsScreen
Log: FactoryCreateText: Class with ClassFactoryUC (0 1 ..\DeusEx\Classes\HUDMedBotAugCanWindow.uc)
Log: Imported: Class DeusEx.HUDMedBotAugCanWindow
Log: FactoryCreateText: Class with ClassFactoryUC (0 1 ..\DeusEx\Classes\HUDMedBotAugItemButton.uc)
Log: Imported: Class DeusEx.HUDMedBotAugItemButton
Log: FactoryCreateText: Class with ClassFactoryUC (0 1 ..\DeusEx\Classes\HUDMedBotHealthOverlaysWindow.uc)
Log: Imported: Class DeusEx.HUDMedBotHealthOverlaysWindow
Log: FactoryCreateText: Class with ClassFactoryUC (0 1 ..\DeusEx\Classes\HUDMedBotHealthScreen.uc)
Log: Imported: Class DeusEx.HUDMedBotHealthScreen
Log: FactoryCreateText: Class with ClassFactoryUC (0 1 ..\DeusEx\Classes\HUDMedBotNavBarWindow.uc)
Log: Imported: Class DeusEx.HUDMedBotNavBarWindow
Log: FactoryCreateText: Class with ClassFactoryUC (0 1 ..\DeusEx\Classes\HUDMissionStartTextDisplay.uc)
Log: Imported: Class DeusEx.HUDMissionStartTextDisplay
Log: FactoryCreateText: Class with ClassFactoryUC (0 1 ..\DeusEx\Classes\HUDMultiplayer.uc)
Log: Imported: Class DeusEx.HUDMultiplayer
Log: FactoryCreateText: Class with ClassFactoryUC (0 1 ..\DeusEx\Classes\HUDMultiSkills.uc)
Log: Imported: Class DeusEx.HUDMultiSkills
Log: FactoryCreateText: Class with ClassFactoryUC (0 1 ..\DeusEx\Classes\HUDObjectBelt.uc)
Log: Imported: Class DeusEx.HUDObjectBelt
Log: FactoryCreateText: Class with ClassFactoryUC (0 1 ..\DeusEx\Classes\HUDObjectSlot.uc)
Log: Imported: Class DeusEx.HUDObjectSlot
Log: FactoryCreateText: Class with ClassFactoryUC (0 1 ..\DeusEx\Classes\HUDReceivedDisplay.uc)
Log: Imported: Class DeusEx.HUDReceivedDisplay
Log: FactoryCreateText: Class with ClassFactoryUC (0 1 ..\DeusEx\Classes\HUDReceivedDisplayItem.uc)
Log: Imported: Class DeusEx.HUDReceivedDisplayItem
Log: FactoryCreateText: Class with ClassFactoryUC (0 1 ..\DeusEx\Classes\HUDRechargeWindow.uc)
Log: Imported: Class DeusEx.HUDRechargeWindow
Log: FactoryCreateText: Class with ClassFactoryUC (0 1 ..\DeusEx\Classes\HUDSharedBorderWindow.uc)
Log: Imported: Class DeusEx.HUDSharedBorderWindow
Log: FactoryCreateText: Class with ClassFactoryUC (0 1 ..\DeusEx\Classes\Human.uc)
Log: Imported: Class DeusEx.Human
Log: FactoryCreateText: Class with ClassFactoryUC (0 1 ..\DeusEx\Classes\HumanCivilian.uc)
Log: Imported: Class DeusEx.HumanCivilian
Log: FactoryCreateText: Class with ClassFactoryUC (0 1 ..\DeusEx\Classes\HumanMilitary.uc)
Log: Imported: Class DeusEx.HumanMilitary
Log: FactoryCreateText: Class with ClassFactoryUC (0 1 ..\DeusEx\Classes\HumanThug.uc)
Log: Imported: Class DeusEx.HumanThug
Log: FactoryCreateText: Class with ClassFactoryUC (0 1 ..\DeusEx\Classes\Image01_GunFireSensor.uc)
Log: Imported: Class DeusEx.Image01_GunFireSensor
Log: FactoryCreateText: Class with ClassFactoryUC (0 1 ..\DeusEx\Classes\Image01_LibertyIsland.uc)
Log: Imported: Class DeusEx.Image01_LibertyIsland
Log: FactoryCreateText: Class with ClassFactoryUC (0 1 ..\DeusEx\Classes\Image01_TerroristCommander.uc)
Log: Imported: Class DeusEx.Image01_TerroristCommander
Log: FactoryCreateText: Class with ClassFactoryUC (0 1 ..\DeusEx\Classes\Image02_Ambrosia_Flyer.uc)
Log: Imported: Class DeusEx.Image02_Ambrosia_Flyer
Log: FactoryCreateText: Class with ClassFactoryUC (0 1 ..\DeusEx\Classes\Image02_BobPage_ManOfYear.uc)
Log: Imported: Class DeusEx.Image02_BobPage_ManOfYear
Log: FactoryCreateText: Class with ClassFactoryUC (0 1 ..\DeusEx\Classes\Image02_NYC_Warehouse.uc)
Log: Imported: Class DeusEx.Image02_NYC_Warehouse
Log: FactoryCreateText: Class with ClassFactoryUC (0 1 ..\DeusEx\Classes\Image03_747Diagram.uc)
Log: Imported: Class DeusEx.Image03_747Diagram
Log: FactoryCreateText: Class with ClassFactoryUC (0 1 ..\DeusEx\Classes\Image03_NYC_Airfield.uc)
Log: Imported: Class DeusEx.Image03_NYC_Airfield
Log: FactoryCreateText: Class with ClassFactoryUC (0 1 ..\DeusEx\Classes\Image03_WaltonSimons.uc)
Log: Imported: Class DeusEx.Image03_WaltonSimons
Log: FactoryCreateText: Class with ClassFactoryUC (0 1 ..\DeusEx\Classes\Image04_NSFHeadquarters.uc)
Log: Imported: Class DeusEx.Image04_NSFHeadquarters
Log: FactoryCreateText: Class with ClassFactoryUC (0 1 ..\DeusEx\Classes\Image04_UNATCONotice.uc)
Log: Imported: Class DeusEx.Image04_UNATCONotice
Log: FactoryCreateText: Class with ClassFactoryUC (0 1 ..\DeusEx\Classes\Image05_GreaselDisection.uc)
Log: Imported: Class DeusEx.Image05_GreaselDisection
Log: FactoryCreateText: Class with ClassFactoryUC (0 1 ..\DeusEx\Classes\Image05_NYC_MJ12Lab.uc)
Log: Imported: Class DeusEx.Image05_NYC_MJ12Lab
Log: FactoryCreateText: Class with ClassFactoryUC (0 1 ..\DeusEx\Classes\Image06_HK_Market.uc)
Log: Imported: Class DeusEx.Image06_HK_Market
Log: FactoryCreateText: Class with ClassFactoryUC (0 1 ..\DeusEx\Classes\Image06_HK_MJ12Helipad.uc)
Log: Imported: Class DeusEx.Image06_HK_MJ12Helipad
Log: FactoryCreateText: Class with ClassFactoryUC (0 1 ..\DeusEx\Classes\Image06_HK_MJ12Lab.uc)
Log: Imported: Class DeusEx.Image06_HK_MJ12Lab
Log: FactoryCreateText: Class with ClassFactoryUC (0 1 ..\DeusEx\Classes\Image06_HK_Versalife.uc)
Log: Imported: Class DeusEx.Image06_HK_Versalife
Log: FactoryCreateText: Class with ClassFactoryUC (0 1 ..\DeusEx\Classes\Image06_HK_WanChai.uc)
Log: Imported: Class DeusEx.Image06_HK_WanChai
Log: FactoryCreateText: Class with ClassFactoryUC (0 1 ..\DeusEx\Classes\Image08_JoeGreenMIBMJ12.uc)
Log: Imported: Class DeusEx.Image08_JoeGreenMIBMJ12
Log: FactoryCreateText: Class with ClassFactoryUC (0 1 ..\DeusEx\Classes\Image09_NYC_Ship_Bottom.uc)
Log: Imported: Class DeusEx.Image09_NYC_Ship_Bottom
Log: FactoryCreateText: Class with ClassFactoryUC (0 1 ..\DeusEx\Classes\Image09_NYC_Ship_Top.uc)
Log: Imported: Class DeusEx.Image09_NYC_Ship_Top
Log: FactoryCreateText: Class with ClassFactoryUC (0 1 ..\DeusEx\Classes\Image10_Paris_Catacombs.uc)
Log: Imported: Class DeusEx.Image10_Paris_Catacombs
Log: FactoryCreateText: Class with ClassFactoryUC (0 1 ..\DeusEx\Classes\Image10_Paris_CatacombsTunnels.uc)
Log: Imported: Class DeusEx.Image10_Paris_CatacombsTunnels
Log: FactoryCreateText: Class with ClassFactoryUC (0 1 ..\DeusEx\Classes\Image10_Paris_Metro.uc)
Log: Imported: Class DeusEx.Image10_Paris_Metro
Log: FactoryCreateText: Class with ClassFactoryUC (0 1 ..\DeusEx\Classes\Image11_Paris_Cathedral.uc)
Log: Imported: Class DeusEx.Image11_Paris_Cathedral
Log: FactoryCreateText: Class with ClassFactoryUC (0 1 ..\DeusEx\Classes\Image11_Paris_CathedralEntrance.uc)
Log: Imported: Class DeusEx.Image11_Paris_CathedralEntrance
Log: FactoryCreateText: Class with ClassFactoryUC (0 1 ..\DeusEx\Classes\Image12_Tiffany_HostagePic.uc)
Log: Imported: Class DeusEx.Image12_Tiffany_HostagePic
Log: FactoryCreateText: Class with ClassFactoryUC (0 1 ..\DeusEx\Classes\Image12_Vandenberg_Command.uc)
Log: Imported: Class DeusEx.Image12_Vandenberg_Command
Log: FactoryCreateText: Class with ClassFactoryUC (0 1 ..\DeusEx\Classes\Image12_Vandenberg_Sub.uc)
Log: Imported: Class DeusEx.Image12_Vandenberg_Sub
Log: FactoryCreateText: Class with ClassFactoryUC (0 1 ..\DeusEx\Classes\Image14_OceanLab.uc)
Log: Imported: Class DeusEx.Image14_OceanLab
Log: FactoryCreateText: Class with ClassFactoryUC (0 1 ..\DeusEx\Classes\Image14_Schematic.uc)
Log: Imported: Class DeusEx.Image14_Schematic
Log: FactoryCreateText: Class with ClassFactoryUC (0 1 ..\DeusEx\Classes\Image15_Area51Bunker.uc)
Log: Imported: Class DeusEx.Image15_Area51Bunker
Log: FactoryCreateText: Class with ClassFactoryUC (0 1 ..\DeusEx\Classes\Image15_Area51_Sector3.uc)
Log: Imported: Class DeusEx.Image15_Area51_Sector3
Log: FactoryCreateText: Class with ClassFactoryUC (0 1 ..\DeusEx\Classes\Image15_Area51_Sector4.uc)
Log: Imported: Class DeusEx.Image15_Area51_Sector4
Log: FactoryCreateText: Class with ClassFactoryUC (0 1 ..\DeusEx\Classes\Image15_BlueFusionDevice.uc)
Log: Imported: Class DeusEx.Image15_BlueFusionDevice
Log: FactoryCreateText: Class with ClassFactoryUC (0 1 ..\DeusEx\Classes\Image15_GrayDisection.uc)
Log: Imported: Class DeusEx.Image15_GrayDisection
Log: FactoryCreateText: Class with ClassFactoryUC (0 1 ..\DeusEx\Classes\InformationDevices.uc)
Log: Imported: Class DeusEx.InformationDevices
Log: FactoryCreateText: Class with ClassFactoryUC (0 1 ..\DeusEx\Classes\InterpolateTrigger.uc)
Log: Imported: Class DeusEx.InterpolateTrigger
Log: FactoryCreateText: Class with ClassFactoryUC (0 1 ..\DeusEx\Classes\InvokeConWindow.uc)
Log: Imported: Class DeusEx.InvokeConWindow
Log: FactoryCreateText: Class with ClassFactoryUC (0 1 ..\DeusEx\Classes\InvulnSphere.uc)
Log: Imported: Class DeusEx.InvulnSphere
Log: FactoryCreateText: Class with ClassFactoryUC (0 1 ..\DeusEx\Classes\IonStormLogo.uc)
Log: Imported: Class DeusEx.IonStormLogo
Log: FactoryCreateText: Class with ClassFactoryUC (0 1 ..\DeusEx\Classes\JaimeReyes.uc)
Log: Imported: Class DeusEx.JaimeReyes
Log: FactoryCreateText: Class with ClassFactoryUC (0 1 ..\DeusEx\Classes\JaimeReyesCarcass.uc)
Log: Imported: Class DeusEx.JaimeReyesCarcass
Log: FactoryCreateText: Class with ClassFactoryUC (0 1 ..\DeusEx\Classes\Janitor.uc)
Log: Imported: Class DeusEx.Janitor
Log: FactoryCreateText: Class with ClassFactoryUC (0 1 ..\DeusEx\Classes\JanitorCarcass.uc)
Log: Imported: Class DeusEx.JanitorCarcass
Log: FactoryCreateText: Class with ClassFactoryUC (0 1 ..\DeusEx\Classes\JCDentonMale.uc)
Log: Imported: Class DeusEx.JCDentonMale
Log: FactoryCreateText: Class with ClassFactoryUC (0 1 ..\DeusEx\Classes\JCDentonMaleCarcass.uc)
Log: Imported: Class DeusEx.JCDentonMaleCarcass
Log: FactoryCreateText: Class with ClassFactoryUC (0 1 ..\DeusEx\Classes\JCDouble.uc)
Log: Imported: Class DeusEx.JCDouble
Log: FactoryCreateText: Class with ClassFactoryUC (0 1 ..\DeusEx\Classes\Jock.uc)
Log: Imported: Class DeusEx.Jock
Log: FactoryCreateText: Class with ClassFactoryUC (0 1 ..\DeusEx\Classes\JockCarcass.uc)
Log: Imported: Class DeusEx.JockCarcass
Log: FactoryCreateText: Class with ClassFactoryUC (0 1 ..\DeusEx\Classes\JoeGreene.uc)
Log: Imported: Class DeusEx.JoeGreene
Log: FactoryCreateText: Class with ClassFactoryUC (0 1 ..\DeusEx\Classes\JoeGreeneCarcass.uc)
Log: Imported: Class DeusEx.JoeGreeneCarcass
Log: FactoryCreateText: Class with ClassFactoryUC (0 1 ..\DeusEx\Classes\JoJoFine.uc)
Log: Imported: Class DeusEx.JoJoFine
Log: FactoryCreateText: Class with ClassFactoryUC (0 1 ..\DeusEx\Classes\JoJoFineCarcass.uc)
Log: Imported: Class DeusEx.JoJoFineCarcass
Log: FactoryCreateText: Class with ClassFactoryUC (0 1 ..\DeusEx\Classes\JordanShea.uc)
Log: Imported: Class DeusEx.JordanShea
Log: FactoryCreateText: Class with ClassFactoryUC (0 1 ..\DeusEx\Classes\JordanSheaCarcass.uc)
Log: Imported: Class DeusEx.JordanSheaCarcass
Log: FactoryCreateText: Class with ClassFactoryUC (0 1 ..\DeusEx\Classes\JosephManderley.uc)
Log: Imported: Class DeusEx.JosephManderley
Log: FactoryCreateText: Class with ClassFactoryUC (0 1 ..\DeusEx\Classes\JosephManderleyCarcass.uc)
Log: Imported: Class DeusEx.JosephManderleyCarcass
Log: FactoryCreateText: Class with ClassFactoryUC (0 1 ..\DeusEx\Classes\JuanLebedev.uc)
Log: Imported: Class DeusEx.JuanLebedev
Log: FactoryCreateText: Class with ClassFactoryUC (0 1 ..\DeusEx\Classes\JuanLebedevCarcass.uc)
Log: Imported: Class DeusEx.JuanLebedevCarcass
Log: FactoryCreateText: Class with ClassFactoryUC (0 1 ..\DeusEx\Classes\JunkieFemale.uc)
Log: Imported: Class DeusEx.JunkieFemale
Log: FactoryCreateText: Class with ClassFactoryUC (0 1 ..\DeusEx\Classes\JunkieFemaleCarcass.uc)
Log: Imported: Class DeusEx.JunkieFemaleCarcass
Log: FactoryCreateText: Class with ClassFactoryUC (0 1 ..\DeusEx\Classes\JunkieMale.uc)
Log: Imported: Class DeusEx.JunkieMale
Log: FactoryCreateText: Class with ClassFactoryUC (0 1 ..\DeusEx\Classes\JunkieMaleCarcass.uc)
Log: Imported: Class DeusEx.JunkieMaleCarcass
Log: FactoryCreateText: Class with ClassFactoryUC (0 1 ..\DeusEx\Classes\Karkian.uc)
Log: Imported: Class DeusEx.Karkian
Log: FactoryCreateText: Class with ClassFactoryUC (0 1 ..\DeusEx\Classes\KarkianBaby.uc)
Log: Imported: Class DeusEx.KarkianBaby
Log: FactoryCreateText: Class with ClassFactoryUC (0 1 ..\DeusEx\Classes\KarkianBabyCarcass.uc)
Log: Imported: Class DeusEx.KarkianBabyCarcass
Log: FactoryCreateText: Class with ClassFactoryUC (0 1 ..\DeusEx\Classes\KarkianCarcass.uc)
Log: Imported: Class DeusEx.KarkianCarcass
Log: FactoryCreateText: Class with ClassFactoryUC (0 1 ..\DeusEx\Classes\Keypad.uc)
Log: Imported: Class DeusEx.Keypad
Log: FactoryCreateText: Class with ClassFactoryUC (0 1 ..\DeusEx\Classes\Keypad1.uc)
Log: Imported: Class DeusEx.Keypad1
Log: FactoryCreateText: Class with ClassFactoryUC (0 1 ..\DeusEx\Classes\Keypad2.uc)
Log: Imported: Class DeusEx.Keypad2
Log: FactoryCreateText: Class with ClassFactoryUC (0 1 ..\DeusEx\Classes\Keypad3.uc)
Log: Imported: Class DeusEx.Keypad3
Log: FactoryCreateText: Class with ClassFactoryUC (0 1 ..\DeusEx\Classes\KillerProfile.uc)
Log: Imported: Class DeusEx.KillerProfile
Log: FactoryCreateText: Class with ClassFactoryUC (0 1 ..\DeusEx\Classes\LAM.uc)
Log: Imported: Class DeusEx.LAM
Log: FactoryCreateText: Class with ClassFactoryUC (0 1 ..\DeusEx\Classes\Lamp.uc)
Log: Imported: Class DeusEx.Lamp
Log: FactoryCreateText: Class with ClassFactoryUC (0 1 ..\DeusEx\Classes\Lamp1.uc)
Log: Imported: Class DeusEx.Lamp1
Log: FactoryCreateText: Class with ClassFactoryUC (0 1 ..\DeusEx\Classes\Lamp2.uc)
Log: Imported: Class DeusEx.Lamp2
Log: FactoryCreateText: Class with ClassFactoryUC (0 1 ..\DeusEx\Classes\Lamp3.uc)
Log: Imported: Class DeusEx.Lamp3
Log: FactoryCreateText: Class with ClassFactoryUC (0 1 ..\DeusEx\Classes\LaserEmitter.uc)
Log: Imported: Class DeusEx.LaserEmitter
Log: FactoryCreateText: Class with ClassFactoryUC (0 1 ..\DeusEx\Classes\LaserIterator.uc)
Log: Imported: Class DeusEx.LaserIterator
Log: FactoryCreateText: Class with ClassFactoryUC (0 1 ..\DeusEx\Classes\LaserProxy.uc)
Log: Imported: Class DeusEx.LaserProxy
Log: FactoryCreateText: Class with ClassFactoryUC (0 1 ..\DeusEx\Classes\LaserSpot.uc)
Log: Imported: Class DeusEx.LaserSpot
Log: FactoryCreateText: Class with ClassFactoryUC (0 1 ..\DeusEx\Classes\LaserTrigger.uc)
Log: Imported: Class DeusEx.LaserTrigger
Log: FactoryCreateText: Class with ClassFactoryUC (0 1 ..\DeusEx\Classes\LifeSupportBase.uc)
Log: Imported: Class DeusEx.LifeSupportBase
Log: FactoryCreateText: Class with ClassFactoryUC (0 1 ..\DeusEx\Classes\Lightbulb.uc)
Log: Imported: Class DeusEx.Lightbulb
Log: FactoryCreateText: Class with ClassFactoryUC (0 1 ..\DeusEx\Classes\LightSwitch.uc)
Log: Imported: Class DeusEx.LightSwitch
Log: FactoryCreateText: Class with ClassFactoryUC (0 1 ..\DeusEx\Classes\Liquor40oz.uc)
Log: Imported: Class DeusEx.Liquor40oz
Log: FactoryCreateText: Class with ClassFactoryUC (0 1 ..\DeusEx\Classes\LiquorBottle.uc)
Log: Imported: Class DeusEx.LiquorBottle
Log: FactoryCreateText: Class with ClassFactoryUC (0 1 ..\DeusEx\Classes\LoadMapWindow.uc)
Log: Imported: Class DeusEx.LoadMapWindow
Log: FactoryCreateText: Class with ClassFactoryUC (0 1 ..\DeusEx\Classes\Lockpick.uc)
Log: Imported: Class DeusEx.Lockpick
Log: FactoryCreateText: Class with ClassFactoryUC (0 1 ..\DeusEx\Classes\LogicTrigger.uc)
Log: Imported: Class DeusEx.LogicTrigger
Log: FactoryCreateText: Class with ClassFactoryUC (0 1 ..\DeusEx\Classes\LowerClassFemale.uc)
Log: Imported: Class DeusEx.LowerClassFemale
Log: FactoryCreateText: Class with ClassFactoryUC (0 1 ..\DeusEx\Classes\LowerClassFemaleCarcass.uc)
Log: Imported: Class DeusEx.LowerClassFemaleCarcass
Log: FactoryCreateText: Class with ClassFactoryUC (0 1 ..\DeusEx\Classes\LowerClassMale.uc)
Log: Imported: Class DeusEx.LowerClassMale
Log: FactoryCreateText: Class with ClassFactoryUC (0 1 ..\DeusEx\Classes\LowerClassMale2.uc)
Log: Imported: Class DeusEx.LowerClassMale2
Log: FactoryCreateText: Class with ClassFactoryUC (0 1 ..\DeusEx\Classes\LowerClassMale2Carcass.uc)
Log: Imported: Class DeusEx.LowerClassMale2Carcass
Log: FactoryCreateText: Class with ClassFactoryUC (0 1 ..\DeusEx\Classes\LowerClassMaleCarcass.uc)
Log: Imported: Class DeusEx.LowerClassMaleCarcass
Log: FactoryCreateText: Class with ClassFactoryUC (0 1 ..\DeusEx\Classes\LuciusDeBeers.uc)
Log: Imported: Class DeusEx.LuciusDeBeers
Log: FactoryCreateText: Class with ClassFactoryUC (0 1 ..\DeusEx\Classes\MaggieChow.uc)
Log: Imported: Class DeusEx.MaggieChow
Log: FactoryCreateText: Class with ClassFactoryUC (0 1 ..\DeusEx\Classes\MaggieChowCarcass.uc)
Log: Imported: Class DeusEx.MaggieChowCarcass
Log: FactoryCreateText: Class with ClassFactoryUC (0 1 ..\DeusEx\Classes\Maid.uc)
Log: Imported: Class DeusEx.Maid
Log: FactoryCreateText: Class with ClassFactoryUC (0 1 ..\DeusEx\Classes\MaidCarcass.uc)
Log: Imported: Class DeusEx.MaidCarcass
Log: FactoryCreateText: Class with ClassFactoryUC (0 1 ..\DeusEx\Classes\Mailbox.uc)
Log: Imported: Class DeusEx.Mailbox
Log: FactoryCreateText: Class with ClassFactoryUC (0 1 ..\DeusEx\Classes\Male1.uc)
Log: Imported: Class DeusEx.Male1
Log: FactoryCreateText: Class with ClassFactoryUC (0 1 ..\DeusEx\Classes\Male1Carcass.uc)
Log: Imported: Class DeusEx.Male1Carcass
Log: FactoryCreateText: Class with ClassFactoryUC (0 1 ..\DeusEx\Classes\Male2.uc)
Log: Imported: Class DeusEx.Male2
Log: FactoryCreateText: Class with ClassFactoryUC (0 1 ..\DeusEx\Classes\Male2Carcass.uc)
Log: Imported: Class DeusEx.Male2Carcass
Log: FactoryCreateText: Class with ClassFactoryUC (0 1 ..\DeusEx\Classes\Male3.uc)
Log: Imported: Class DeusEx.Male3
Log: FactoryCreateText: Class with ClassFactoryUC (0 1 ..\DeusEx\Classes\Male3Carcass.uc)
Log: Imported: Class DeusEx.Male3Carcass
Log: FactoryCreateText: Class with ClassFactoryUC (0 1 ..\DeusEx\Classes\Male4.uc)
Log: Imported: Class DeusEx.Male4
Log: FactoryCreateText: Class with ClassFactoryUC (0 1 ..\DeusEx\Classes\Male4Carcass.uc)
Log: Imported: Class DeusEx.Male4Carcass
Log: FactoryCreateText: Class with ClassFactoryUC (0 1 ..\DeusEx\Classes\MapExit.uc)
Log: Imported: Class DeusEx.MapExit
Log: FactoryCreateText: Class with ClassFactoryUC (0 1 ..\DeusEx\Classes\MargaretWilliams.uc)
Log: Imported: Class DeusEx.MargaretWilliams
Log: FactoryCreateText: Class with ClassFactoryUC (0 1 ..\DeusEx\Classes\MargaretWilliamsCarcass.uc)
Log: Imported: Class DeusEx.MargaretWilliamsCarcass
Log: FactoryCreateText: Class with ClassFactoryUC (0 1 ..\DeusEx\Classes\MaxChen.uc)
Log: Imported: Class DeusEx.MaxChen
Log: FactoryCreateText: Class with ClassFactoryUC (0 1 ..\DeusEx\Classes\MaxChenCarcass.uc)
Log: Imported: Class DeusEx.MaxChenCarcass
Log: FactoryCreateText: Class with ClassFactoryUC (0 1 ..\DeusEx\Classes\Mechanic.uc)
Log: Imported: Class DeusEx.Mechanic
Log: FactoryCreateText: Class with ClassFactoryUC (0 1 ..\DeusEx\Classes\MechanicCarcass.uc)
Log: Imported: Class DeusEx.MechanicCarcass
Log: FactoryCreateText: Class with ClassFactoryUC (0 1 ..\DeusEx\Classes\MedicalBot.uc)
Log: Imported: Class DeusEx.MedicalBot
Log: FactoryCreateText: Class with ClassFactoryUC (0 1 ..\DeusEx\Classes\MedKit.uc)
Log: Imported: Class DeusEx.MedKit
Log: FactoryCreateText: Class with ClassFactoryUC (0 1 ..\DeusEx\Classes\MenuChoice_AdjustBrightness.uc)
Log: Imported: Class DeusEx.MenuChoice_AdjustBrightness
Log: FactoryCreateText: Class with ClassFactoryUC (0 1 ..\DeusEx\Classes\MenuChoice_AdjustColors.uc)
Log: Imported: Class DeusEx.MenuChoice_AdjustColors
Log: FactoryCreateText: Class with ClassFactoryUC (0 1 ..\DeusEx\Classes\MenuChoice_AlwaysRun.uc)
Log: Imported: Class DeusEx.MenuChoice_AlwaysRun
Log: FactoryCreateText: Class with ClassFactoryUC (0 1 ..\DeusEx\Classes\menuchoice_augbonus.uc)
Log: Imported: Class DeusEx.menuchoice_augbonus
Log: FactoryCreateText: Class with ClassFactoryUC (0 1 ..\DeusEx\Classes\menuchoice_augsallowed.uc)
Log: Imported: Class DeusEx.menuchoice_augsallowed
Log: FactoryCreateText: Class with ClassFactoryUC (0 1 ..\DeusEx\Classes\MenuChoice_Brightness.uc)
Log: Imported: Class DeusEx.MenuChoice_Brightness
Log: FactoryCreateText: Class with ClassFactoryUC (0 1 ..\DeusEx\Classes\menuchoice_class.uc)
Log: Imported: Class DeusEx.menuchoice_class
Log: FactoryCreateText: Class with ClassFactoryUC (0 1 ..\DeusEx\Classes\menuchoice_connection.uc)
Log: Imported: Class DeusEx.menuchoice_connection
Log: FactoryCreateText: Class with ClassFactoryUC (0 1 ..\DeusEx\Classes\MenuChoice_Crosshairs.uc)
Log: Imported: Class DeusEx.MenuChoice_Crosshairs
Log: FactoryCreateText: Class with ClassFactoryUC (0 1 ..\DeusEx\Classes\menuchoice_cycle.uc)
Log: Imported: Class DeusEx.menuchoice_cycle
Log: FactoryCreateText: Class with ClassFactoryUC (0 1 ..\DeusEx\Classes\MenuChoice_Decals.uc)
Log: Imported: Class DeusEx.MenuChoice_Decals
Log: FactoryCreateText: Class with ClassFactoryUC (0 1 ..\DeusEx\Classes\MenuChoice_DetailTextures.uc)
Log: Imported: Class DeusEx.MenuChoice_DetailTextures
Log: FactoryCreateText: Class with ClassFactoryUC (0 1 ..\DeusEx\Classes\MenuChoice_EffectsChannels.uc)
Log: Imported: Class DeusEx.MenuChoice_EffectsChannels
Log: FactoryCreateText: Class with ClassFactoryUC (0 1 ..\DeusEx\Classes\MenuChoice_EnabledDisabled.uc)
Log: Imported: Class DeusEx.MenuChoice_EnabledDisabled
Log: FactoryCreateText: Class with ClassFactoryUC (0 1 ..\DeusEx\Classes\menuchoice_friendlyfire.uc)
Log: Imported: Class DeusEx.menuchoice_friendlyfire
Log: FactoryCreateText: Class with ClassFactoryUC (0 1 ..\DeusEx\Classes\MenuChoice_FullScreen.uc)
Log: Imported: Class DeusEx.MenuChoice_FullScreen
Log: FactoryCreateText: Class with ClassFactoryUC (0 1 ..\DeusEx\Classes\menuchoice_gametype.uc)
Log: Imported: Class DeusEx.menuchoice_gametype
Log: FactoryCreateText: Class with ClassFactoryUC (0 1 ..\DeusEx\Classes\MenuChoice_GoreLevel.uc)
Log: Imported: Class DeusEx.MenuChoice_GoreLevel
Log: FactoryCreateText: Class with ClassFactoryUC (0 1 ..\DeusEx\Classes\MenuChoice_HeadBob.uc)
Log: Imported: Class DeusEx.MenuChoice_HeadBob
Log: FactoryCreateText: Class with ClassFactoryUC (0 1 ..\DeusEx\Classes\MenuChoice_HUDAugDisplay.uc)
Log: Imported: Class DeusEx.MenuChoice_HUDAugDisplay
Log: FactoryCreateText: Class with ClassFactoryUC (0 1 ..\DeusEx\Classes\MenuChoice_HUDBordersVisible.uc)
Log: Imported: Class DeusEx.MenuChoice_HUDBordersVisible
Log: FactoryCreateText: Class with ClassFactoryUC (0 1 ..\DeusEx\Classes\MenuChoice_HUDBorderTranslucency.uc)
Log: Imported: Class DeusEx.MenuChoice_HUDBorderTranslucency
Log: FactoryCreateText: Class with ClassFactoryUC (0 1 ..\DeusEx\Classes\MenuChoice_HUDColor.uc)
Log: Imported: Class DeusEx.MenuChoice_HUDColor
Log: FactoryCreateText: Class with ClassFactoryUC (0 1 ..\DeusEx\Classes\MenuChoice_HUDTranslucency.uc)
Log: Imported: Class DeusEx.MenuChoice_HUDTranslucency
Log: FactoryCreateText: Class with ClassFactoryUC (0 1 ..\DeusEx\Classes\MenuChoice_InvertMouse.uc)
Log: Imported: Class DeusEx.MenuChoice_InvertMouse
Log: FactoryCreateText: Class with ClassFactoryUC (0 1 ..\DeusEx\Classes\MenuChoice_LogTimeoutValue.uc)
Log: Imported: Class DeusEx.MenuChoice_LogTimeoutValue
Log: FactoryCreateText: Class with ClassFactoryUC (0 1 ..\DeusEx\Classes\MenuChoice_LowMedHigh.uc)
Log: Imported: Class DeusEx.MenuChoice_LowMedHigh
Log: FactoryCreateText: Class with ClassFactoryUC (0 1 ..\DeusEx\Classes\menuchoice_map.uc)
Log: Imported: Class DeusEx.menuchoice_map
Log: FactoryCreateText: Class with ClassFactoryUC (0 1 ..\DeusEx\Classes\MenuChoice_MaxLogLines.uc)
Log: Imported: Class DeusEx.MenuChoice_MaxLogLines
Log: FactoryCreateText: Class with ClassFactoryUC (0 1 ..\DeusEx\Classes\menuchoice_maxplayers.uc)
Log: Imported: Class DeusEx.menuchoice_maxplayers
Log: FactoryCreateText: Class with ClassFactoryUC (0 1 ..\DeusEx\Classes\MenuChoice_MenuColor.uc)
Log: Imported: Class DeusEx.MenuChoice_MenuColor
Log: FactoryCreateText: Class with ClassFactoryUC (0 1 ..\DeusEx\Classes\MenuChoice_MenuTranslucency.uc)
Log: Imported: Class DeusEx.MenuChoice_MenuTranslucency
Log: FactoryCreateText: Class with ClassFactoryUC (0 1 ..\DeusEx\Classes\MenuChoice_MouseSensitivity.uc)
Log: Imported: Class DeusEx.MenuChoice_MouseSensitivity
Log: FactoryCreateText: Class with ClassFactoryUC (0 1 ..\DeusEx\Classes\menuchoice_multihelp.uc)
Log: Imported: Class DeusEx.menuchoice_multihelp
Log: FactoryCreateText: Class with ClassFactoryUC (0 1 ..\DeusEx\Classes\MenuChoice_MusicVolume.uc)
Log: Imported: Class DeusEx.MenuChoice_MusicVolume
Log: FactoryCreateText: Class with ClassFactoryUC (0 1 ..\DeusEx\Classes\MenuChoice_ObjectNames.uc)
Log: Imported: Class DeusEx.MenuChoice_ObjectNames
Log: FactoryCreateText: Class with ClassFactoryUC (0 1 ..\DeusEx\Classes\MenuChoice_ObjectTextureDetail.uc)
Log: Imported: Class DeusEx.MenuChoice_ObjectTextureDetail
Log: FactoryCreateText: Class with ClassFactoryUC (0 1 ..\DeusEx\Classes\MenuChoice_OnOff.uc)
Log: Imported: Class DeusEx.MenuChoice_OnOff
Log: FactoryCreateText: Class with ClassFactoryUC (0 1 ..\DeusEx\Classes\MenuChoice_RenderDevice.uc)
Log: Imported: Class DeusEx.MenuChoice_RenderDevice
Log: FactoryCreateText: Class with ClassFactoryUC (0 1 ..\DeusEx\Classes\MenuChoice_Resolution.uc)
Log: Imported: Class DeusEx.MenuChoice_Resolution
Log: FactoryCreateText: Class with ClassFactoryUC (0 1 ..\DeusEx\Classes\MenuChoice_ReverseStereo.uc)
Log: Imported: Class DeusEx.MenuChoice_ReverseStereo
Log: FactoryCreateText: Class with ClassFactoryUC (0 1 ..\DeusEx\Classes\MenuChoice_SampleRate.uc)
Log: Imported: Class DeusEx.MenuChoice_SampleRate
Log: FactoryCreateText: Class with ClassFactoryUC (0 1 ..\DeusEx\Classes\menuchoice_servermode.uc)
Log: Imported: Class DeusEx.menuchoice_servermode
Log: FactoryCreateText: Class with ClassFactoryUC (0 1 ..\DeusEx\Classes\menuchoice_skillbonus.uc)
Log: Imported: Class DeusEx.menuchoice_skillbonus
Log: FactoryCreateText: Class with ClassFactoryUC (0 1 ..\DeusEx\Classes\menuchoice_skilllevel.uc)
Log: Imported: Class DeusEx.menuchoice_skilllevel
Log: FactoryCreateText: Class with ClassFactoryUC (0 1 ..\DeusEx\Classes\MenuChoice_SoundQuality.uc)
Log: Imported: Class DeusEx.MenuChoice_SoundQuality
Log: FactoryCreateText: Class with ClassFactoryUC (0 1 ..\DeusEx\Classes\MenuChoice_SoundVolume.uc)
Log: Imported: Class DeusEx.MenuChoice_SoundVolume
Log: FactoryCreateText: Class with ClassFactoryUC (0 1 ..\DeusEx\Classes\MenuChoice_SpeechVolume.uc)
Log: Imported: Class DeusEx.MenuChoice_SpeechVolume
Log: FactoryCreateText: Class with ClassFactoryUC (0 1 ..\DeusEx\Classes\menuchoice_Startingaugs.uc)
Log: Imported: Class DeusEx.menuchoice_Startingaugs
Log: FactoryCreateText: Class with ClassFactoryUC (0 1 ..\DeusEx\Classes\menuchoice_startingskills.uc)
Log: Imported: Class DeusEx.menuchoice_startingskills
Log: FactoryCreateText: Class with ClassFactoryUC (0 1 ..\DeusEx\Classes\MenuChoice_Subtitles.uc)
Log: Imported: Class DeusEx.MenuChoice_Subtitles
Log: FactoryCreateText: Class with ClassFactoryUC (0 1 ..\DeusEx\Classes\MenuChoice_SurroundSound.uc)
Log: Imported: Class DeusEx.MenuChoice_SurroundSound
Log: FactoryCreateText: Class with ClassFactoryUC (0 1 ..\DeusEx\Classes\menuchoice_team.uc)
Log: Imported: Class DeusEx.menuchoice_team
Log: FactoryCreateText: Class with ClassFactoryUC (0 1 ..\DeusEx\Classes\MenuChoice_TextureColorBits.uc)
Log: Imported: Class DeusEx.MenuChoice_TextureColorBits
Log: FactoryCreateText: Class with ClassFactoryUC (0 1 ..\DeusEx\Classes\MenuChoice_ThemeColor.uc)
Log: Imported: Class DeusEx.MenuChoice_ThemeColor
Log: FactoryCreateText: Class with ClassFactoryUC (0 1 ..\DeusEx\Classes\MenuChoice_ToggleCrouch.uc)
Log: Imported: Class DeusEx.MenuChoice_ToggleCrouch
Log: FactoryCreateText: Class with ClassFactoryUC (0 1 ..\DeusEx\Classes\MenuChoice_UIBackground.uc)
Log: Imported: Class DeusEx.MenuChoice_UIBackground
Log: FactoryCreateText: Class with ClassFactoryUC (0 1 ..\DeusEx\Classes\MenuChoice_Use3DHardware.uc)
Log: Imported: Class DeusEx.MenuChoice_Use3DHardware
Log: FactoryCreateText: Class with ClassFactoryUC (0 1 ..\DeusEx\Classes\menuchoice_victorytype.uc)
Log: Imported: Class DeusEx.menuchoice_victorytype
Log: FactoryCreateText: Class with ClassFactoryUC (0 1 ..\DeusEx\Classes\menuchoice_victoryvalue.uc)
Log: Imported: Class DeusEx.menuchoice_victoryvalue
Log: FactoryCreateText: Class with ClassFactoryUC (0 1 ..\DeusEx\Classes\MenuChoice_VisibleHidden.uc)
Log: Imported: Class DeusEx.MenuChoice_VisibleHidden
Log: FactoryCreateText: Class with ClassFactoryUC (0 1 ..\DeusEx\Classes\MenuChoice_Volume.uc)
Log: Imported: Class DeusEx.MenuChoice_Volume
Log: FactoryCreateText: Class with ClassFactoryUC (0 1 ..\DeusEx\Classes\MenuChoice_WeaponAutoReload.uc)
Log: Imported: Class DeusEx.MenuChoice_WeaponAutoReload
Log: FactoryCreateText: Class with ClassFactoryUC (0 1 ..\DeusEx\Classes\MenuChoice_WorldTextureDetail.uc)
Log: Imported: Class DeusEx.MenuChoice_WorldTextureDetail
Log: FactoryCreateText: Class with ClassFactoryUC (0 1 ..\DeusEx\Classes\MenuMain.uc)
Log: Imported: Class DeusEx.MenuMain
Log: FactoryCreateText: Class with ClassFactoryUC (0 1 ..\DeusEx\Classes\menumpmain.uc)
Log: Imported: Class DeusEx.menumpmain
Log: FactoryCreateText: Class with ClassFactoryUC (0 1 ..\DeusEx\Classes\MenuScreenAdjustColors.uc)
Log: Imported: Class DeusEx.MenuScreenAdjustColors
Log: FactoryCreateText: Class with ClassFactoryUC (0 1 ..\DeusEx\Classes\MenuScreenAdjustColorsExample.uc)
Log: Imported: Class DeusEx.MenuScreenAdjustColorsExample
Log: FactoryCreateText: Class with ClassFactoryUC (0 1 ..\DeusEx\Classes\menuscreenaugsetup.uc)
Log: Imported: Class DeusEx.menuscreenaugsetup
Log: FactoryCreateText: Class with ClassFactoryUC (0 1 ..\DeusEx\Classes\MenuScreenBrightness.uc)
Log: Imported: Class DeusEx.MenuScreenBrightness
Log: FactoryCreateText: Class with ClassFactoryUC (0 1 ..\DeusEx\Classes\MenuScreenControls.uc)
Log: Imported: Class DeusEx.MenuScreenControls
Log: FactoryCreateText: Class with ClassFactoryUC (0 1 ..\DeusEx\Classes\MenuScreenCustomizeKeys.uc)
Log: Imported: Class DeusEx.MenuScreenCustomizeKeys
Log: FactoryCreateText: Class with ClassFactoryUC (0 1 ..\DeusEx\Classes\MenuScreenDisplay.uc)
Log: Imported: Class DeusEx.MenuScreenDisplay
Log: FactoryCreateText: Class with ClassFactoryUC (0 1 ..\DeusEx\Classes\menuscreenhostgame.uc)
Log: Imported: Class DeusEx.menuscreenhostgame
Log: FactoryCreateText: Class with ClassFactoryUC (0 1 ..\DeusEx\Classes\menuscreenhostlan.uc)
Log: Imported: Class DeusEx.menuscreenhostlan
Log: FactoryCreateText: Class with ClassFactoryUC (0 1 ..\DeusEx\Classes\menuscreenhostnet.uc)
Log: Imported: Class DeusEx.menuscreenhostnet
Log: FactoryCreateText: Class with ClassFactoryUC (0 1 ..\DeusEx\Classes\menuscreenjoingame.uc)
Log: Imported: Class DeusEx.menuscreenjoingame
Log: FactoryCreateText: Class with ClassFactoryUC (0 1 ..\DeusEx\Classes\menuscreenjoininternet.uc)
Log: Imported: Class DeusEx.menuscreenjoininternet
Log: FactoryCreateText: Class with ClassFactoryUC (0 1 ..\DeusEx\Classes\menuscreenjoinlan.uc)
Log: Imported: Class DeusEx.menuscreenjoinlan
Log: FactoryCreateText: Class with ClassFactoryUC (0 1 ..\DeusEx\Classes\MenuScreenLoadGame.uc)
Log: Imported: Class DeusEx.MenuScreenLoadGame
Log: FactoryCreateText: Class with ClassFactoryUC (0 1 ..\DeusEx\Classes\MenuScreenNewGame.uc)
Log: Imported: Class DeusEx.MenuScreenNewGame
Log: FactoryCreateText: Class with ClassFactoryUC (0 1 ..\DeusEx\Classes\MenuScreenOptions.uc)
Log: Imported: Class DeusEx.MenuScreenOptions
Log: FactoryCreateText: Class with ClassFactoryUC (0 1 ..\DeusEx\Classes\menuscreenplayersetup.uc)
Log: Imported: Class DeusEx.menuscreenplayersetup
Log: FactoryCreateText: Class with ClassFactoryUC (0 1 ..\DeusEx\Classes\MenuScreenRGB.uc)
Log: Imported: Class DeusEx.MenuScreenRGB
Log: FactoryCreateText: Class with ClassFactoryUC (0 1 ..\DeusEx\Classes\MenuScreenRGB_HUDExample.uc)
Log: Imported: Class DeusEx.MenuScreenRGB_HUDExample
Log: FactoryCreateText: Class with ClassFactoryUC (0 1 ..\DeusEx\Classes\MenuScreenRGB_MenuExample.uc)
Log: Imported: Class DeusEx.MenuScreenRGB_MenuExample
Log: FactoryCreateText: Class with ClassFactoryUC (0 1 ..\DeusEx\Classes\MenuScreenSaveGame.uc)
Log: Imported: Class DeusEx.MenuScreenSaveGame
Log: FactoryCreateText: Class with ClassFactoryUC (0 1 ..\DeusEx\Classes\MenuScreenSound.uc)
Log: Imported: Class DeusEx.MenuScreenSound
Log: FactoryCreateText: Class with ClassFactoryUC (0 1 ..\DeusEx\Classes\MenuScreenThemesLoad.uc)
Log: Imported: Class DeusEx.MenuScreenThemesLoad
Log: FactoryCreateText: Class with ClassFactoryUC (0 1 ..\DeusEx\Classes\MenuScreenThemesSave.uc)
Log: Imported: Class DeusEx.MenuScreenThemesSave
Log: FactoryCreateText: Class with ClassFactoryUC (0 1 ..\DeusEx\Classes\MenuSelectDifficulty.uc)
Log: Imported: Class DeusEx.MenuSelectDifficulty
Log: FactoryCreateText: Class with ClassFactoryUC (0 1 ..\DeusEx\Classes\MenuSettings.uc)
Log: Imported: Class DeusEx.MenuSettings
Log: FactoryCreateText: Class with ClassFactoryUC (0 1 ..\DeusEx\Classes\MenuUIActionButtonBarWindow.uc)
Log: Imported: Class DeusEx.MenuUIActionButtonBarWindow
Log: FactoryCreateText: Class with ClassFactoryUC (0 1 ..\DeusEx\Classes\MenuUIActionButtonWindow.uc)
Log: Imported: Class DeusEx.MenuUIActionButtonWindow
Log: FactoryCreateText: Class with ClassFactoryUC (0 1 ..\DeusEx\Classes\MenuUIBorderButtonWindow.uc)
Log: Imported: Class DeusEx.MenuUIBorderButtonWindow
Log: FactoryCreateText: Class with ClassFactoryUC (0 1 ..\DeusEx\Classes\MenuUICheckboxWindow.uc)
Log: Imported: Class DeusEx.MenuUICheckboxWindow
Log: FactoryCreateText: Class with ClassFactoryUC (0 1 ..\DeusEx\Classes\MenuUIChoice.uc)
Log: Imported: Class DeusEx.MenuUIChoice
Log: FactoryCreateText: Class with ClassFactoryUC (0 1 ..\DeusEx\Classes\MenuUIChoiceAction.uc)
Log: Imported: Class DeusEx.MenuUIChoiceAction
Log: FactoryCreateText: Class with ClassFactoryUC (0 1 ..\DeusEx\Classes\MenuUIChoiceButton.uc)
Log: Imported: Class DeusEx.MenuUIChoiceButton
Log: FactoryCreateText: Class with ClassFactoryUC (0 1 ..\DeusEx\Classes\MenuUIChoiceEnum.uc)
Log: Imported: Class DeusEx.MenuUIChoiceEnum
Log: FactoryCreateText: Class with ClassFactoryUC (0 1 ..\DeusEx\Classes\MenuUIChoiceSlider.uc)
Log: Imported: Class DeusEx.MenuUIChoiceSlider
Log: FactoryCreateText: Class with ClassFactoryUC (0 1 ..\DeusEx\Classes\MenuUIChoiceWindow.uc)
Log: Imported: Class DeusEx.MenuUIChoiceWindow
Log: FactoryCreateText: Class with ClassFactoryUC (0 1 ..\DeusEx\Classes\MenuUIClientWindow.uc)
Log: Imported: Class DeusEx.MenuUIClientWindow
Log: FactoryCreateText: Class with ClassFactoryUC (0 1 ..\DeusEx\Classes\MenuUIDefaults.uc)
Log: Imported: Class DeusEx.MenuUIDefaults
Log: FactoryCreateText: Class with ClassFactoryUC (0 1 ..\DeusEx\Classes\MenuUIEditWindow.uc)
Log: Imported: Class DeusEx.MenuUIEditWindow
Log: FactoryCreateText: Class with ClassFactoryUC (0 1 ..\DeusEx\Classes\MenuUIHeaderWindow.uc)
Log: Imported: Class DeusEx.MenuUIHeaderWindow
Log: FactoryCreateText: Class with ClassFactoryUC (0 1 ..\DeusEx\Classes\MenuUIHelpWindow.uc)
Log: Imported: Class DeusEx.MenuUIHelpWindow
Log: FactoryCreateText: Class with ClassFactoryUC (0 1 ..\DeusEx\Classes\MenuUIInfoButtonWindow.uc)
Log: Imported: Class DeusEx.MenuUIInfoButtonWindow
Log: FactoryCreateText: Class with ClassFactoryUC (0 1 ..\DeusEx\Classes\MenuUILabelWindow.uc)
Log: Imported: Class DeusEx.MenuUILabelWindow
Log: FactoryCreateText: Class with ClassFactoryUC (0 1 ..\DeusEx\Classes\MenuUILeftEdgeWindow.uc)
Log: Imported: Class DeusEx.MenuUILeftEdgeWindow
Log: FactoryCreateText: Class with ClassFactoryUC (0 1 ..\DeusEx\Classes\MenuUIListHeaderButtonWindow.uc)
Log: Imported: Class DeusEx.MenuUIListHeaderButtonWindow
Log: FactoryCreateText: Class with ClassFactoryUC (0 1 ..\DeusEx\Classes\MenuUIListWindow.uc)
Log: Imported: Class DeusEx.MenuUIListWindow
Log: FactoryCreateText: Class with ClassFactoryUC (0 1 ..\DeusEx\Classes\MenuUILoadSaveEditWindow.uc)
Log: Imported: Class DeusEx.MenuUILoadSaveEditWindow
Log: FactoryCreateText: Class with ClassFactoryUC (0 1 ..\DeusEx\Classes\MenuUIMenuButtonWindow.uc)
Log: Imported: Class DeusEx.MenuUIMenuButtonWindow
Log: FactoryCreateText: Class with ClassFactoryUC (0 1 ..\DeusEx\Classes\MenuUIMenuWindow.uc)
Log: Imported: Class DeusEx.MenuUIMenuWindow
Log: FactoryCreateText: Class with ClassFactoryUC (0 1 ..\DeusEx\Classes\MenuUIMessageBoxShadowWindow.uc)
Log: Imported: Class DeusEx.MenuUIMessageBoxShadowWindow
Log: FactoryCreateText: Class with ClassFactoryUC (0 1 ..\DeusEx\Classes\MenuUIMessageBoxWindow.uc)
Log: Imported: Class DeusEx.MenuUIMessageBoxWindow
Log: FactoryCreateText: Class with ClassFactoryUC (0 1 ..\DeusEx\Classes\MenuUINavBarWindow.uc)
Log: Imported: Class DeusEx.MenuUINavBarWindow
Log: FactoryCreateText: Class with ClassFactoryUC (0 1 ..\DeusEx\Classes\MenuUINavButtonWindow.uc)
Log: Imported: Class DeusEx.MenuUINavButtonWindow
Log: FactoryCreateText: Class with ClassFactoryUC (0 1 ..\DeusEx\Classes\MenuUINormalLargeTextWindow.uc)
Log: Imported: Class DeusEx.MenuUINormalLargeTextWindow
Log: FactoryCreateText: Class with ClassFactoryUC (0 1 ..\DeusEx\Classes\MenuUIRGBSliderButtonWindow.uc)
Log: Imported: Class DeusEx.MenuUIRGBSliderButtonWindow
Log: FactoryCreateText: Class with ClassFactoryUC (0 1 ..\DeusEx\Classes\MenuUIRightEdgeWindow.uc)
Log: Imported: Class DeusEx.MenuUIRightEdgeWindow
Log: FactoryCreateText: Class with ClassFactoryUC (0 1 ..\DeusEx\Classes\MenuUIScreenWindow.uc)
Log: Imported: Class DeusEx.MenuUIScreenWindow
Log: FactoryCreateText: Class with ClassFactoryUC (0 1 ..\DeusEx\Classes\MenuUIScrollAreaWindow.uc)
Log: Imported: Class DeusEx.MenuUIScrollAreaWindow
Log: FactoryCreateText: Class with ClassFactoryUC (0 1 ..\DeusEx\Classes\MenuUIShadowWindow.uc)
Log: Imported: Class DeusEx.MenuUIShadowWindow
Log: FactoryCreateText: Class with ClassFactoryUC (0 1 ..\DeusEx\Classes\MenuUISkillInfoWindow.uc)
Log: Imported: Class DeusEx.MenuUISkillInfoWindow
Log: FactoryCreateText: Class with ClassFactoryUC (0 1 ..\DeusEx\Classes\MenuUISliderButtonWindow.uc)
Log: Imported: Class DeusEx.MenuUISliderButtonWindow
Log: FactoryCreateText: Class with ClassFactoryUC (0 1 ..\DeusEx\Classes\MenuUISmallLabelWindow.uc)
Log: Imported: Class DeusEx.MenuUISmallLabelWindow
Log: FactoryCreateText: Class with ClassFactoryUC (0 1 ..\DeusEx\Classes\MenuUISpecialButtonWindow.uc)
Log: Imported: Class DeusEx.MenuUISpecialButtonWindow
Log: FactoryCreateText: Class with ClassFactoryUC (0 1 ..\DeusEx\Classes\MenuUIStaticInfoWindow.uc)
Log: Imported: Class DeusEx.MenuUIStaticInfoWindow
Log: FactoryCreateText: Class with ClassFactoryUC (0 1 ..\DeusEx\Classes\MenuUITabButtonWindow.uc)
Log: Imported: Class DeusEx.MenuUITabButtonWindow
Log: FactoryCreateText: Class with ClassFactoryUC (0 1 ..\DeusEx\Classes\MenuUITitleWindow.uc)
Log: Imported: Class DeusEx.MenuUITitleWindow
Log: FactoryCreateText: Class with ClassFactoryUC (0 1 ..\DeusEx\Classes\MenuUIWindow.uc)
Log: Imported: Class DeusEx.MenuUIWindow
Log: FactoryCreateText: Class with ClassFactoryUC (0 1 ..\DeusEx\Classes\MetalFragment.uc)
Log: Imported: Class DeusEx.MetalFragment
Log: FactoryCreateText: Class with ClassFactoryUC (0 1 ..\DeusEx\Classes\MIB.uc)
Log: Imported: Class DeusEx.MIB
Log: FactoryCreateText: Class with ClassFactoryUC (0 1 ..\DeusEx\Classes\MIBCarcass.uc)
Log: Imported: Class DeusEx.MIBCarcass
Log: FactoryCreateText: Class with ClassFactoryUC (0 1 ..\DeusEx\Classes\MichaelHamner.uc)
Log: Imported: Class DeusEx.MichaelHamner
Log: FactoryCreateText: Class with ClassFactoryUC (0 1 ..\DeusEx\Classes\MichaelHamnerCarcass.uc)
Log: Imported: Class DeusEx.MichaelHamnerCarcass
Log: FactoryCreateText: Class with ClassFactoryUC (0 1 ..\DeusEx\Classes\Microscope.uc)
Log: Imported: Class DeusEx.Microscope
Log: FactoryCreateText: Class with ClassFactoryUC (0 1 ..\DeusEx\Classes\MilitaryBot.uc)
Log: Imported: Class DeusEx.MilitaryBot
Log: FactoryCreateText: Class with ClassFactoryUC (0 1 ..\DeusEx\Classes\MiniSub.uc)
Log: Imported: Class DeusEx.MiniSub
Log: FactoryCreateText: Class with ClassFactoryUC (0 1 ..\DeusEx\Classes\Mission00.uc)
Log: Imported: Class DeusEx.Mission00
Log: FactoryCreateText: Class with ClassFactoryUC (0 1 ..\DeusEx\Classes\Mission01.uc)
Log: Imported: Class DeusEx.Mission01
Log: FactoryCreateText: Class with ClassFactoryUC (0 1 ..\DeusEx\Classes\Mission02.uc)
Log: Imported: Class DeusEx.Mission02
Log: FactoryCreateText: Class with ClassFactoryUC (0 1 ..\DeusEx\Classes\Mission03.uc)
Log: Imported: Class DeusEx.Mission03
Log: FactoryCreateText: Class with ClassFactoryUC (0 1 ..\DeusEx\Classes\Mission04.uc)
Log: Imported: Class DeusEx.Mission04
Log: FactoryCreateText: Class with ClassFactoryUC (0 1 ..\DeusEx\Classes\Mission05.uc)
Log: Imported: Class DeusEx.Mission05
Log: FactoryCreateText: Class with ClassFactoryUC (0 1 ..\DeusEx\Classes\Mission06.uc)
Log: Imported: Class DeusEx.Mission06
Log: FactoryCreateText: Class with ClassFactoryUC (0 1 ..\DeusEx\Classes\Mission08.uc)
Log: Imported: Class DeusEx.Mission08
Log: FactoryCreateText: Class with ClassFactoryUC (0 1 ..\DeusEx\Classes\Mission09.uc)
Log: Imported: Class DeusEx.Mission09
Log: FactoryCreateText: Class with ClassFactoryUC (0 1 ..\DeusEx\Classes\Mission10.uc)
Log: Imported: Class DeusEx.Mission10
Log: FactoryCreateText: Class with ClassFactoryUC (0 1 ..\DeusEx\Classes\Mission11.uc)
Log: Imported: Class DeusEx.Mission11
Log: FactoryCreateText: Class with ClassFactoryUC (0 1 ..\DeusEx\Classes\Mission12.uc)
Log: Imported: Class DeusEx.Mission12
Log: FactoryCreateText: Class with ClassFactoryUC (0 1 ..\DeusEx\Classes\Mission14.uc)
Log: Imported: Class DeusEx.Mission14
Log: FactoryCreateText: Class with ClassFactoryUC (0 1 ..\DeusEx\Classes\Mission15.uc)
Log: Imported: Class DeusEx.Mission15
Log: FactoryCreateText: Class with ClassFactoryUC (0 1 ..\DeusEx\Classes\MissionEndgame.uc)
Log: Imported: Class DeusEx.MissionEndgame
Log: FactoryCreateText: Class with ClassFactoryUC (0 1 ..\DeusEx\Classes\MissionIntro.uc)
Log: Imported: Class DeusEx.MissionIntro
Log: FactoryCreateText: Class with ClassFactoryUC (0 1 ..\DeusEx\Classes\MissionScript.uc)
Log: Imported: Class DeusEx.MissionScript
Log: FactoryCreateText: Class with ClassFactoryUC (0 1 ..\DeusEx\Classes\MJ12Commando.uc)
Log: Imported: Class DeusEx.MJ12Commando
Log: FactoryCreateText: Class with ClassFactoryUC (0 1 ..\DeusEx\Classes\MJ12CommandoCarcass.uc)
Log: Imported: Class DeusEx.MJ12CommandoCarcass
Log: FactoryCreateText: Class with ClassFactoryUC (0 1 ..\DeusEx\Classes\MJ12Troop.uc)
Log: Imported: Class DeusEx.MJ12Troop
Log: FactoryCreateText: Class with ClassFactoryUC (0 1 ..\DeusEx\Classes\MJ12TroopCarcass.uc)
Log: Imported: Class DeusEx.MJ12TroopCarcass
Log: FactoryCreateText: Class with ClassFactoryUC (0 1 ..\DeusEx\Classes\Moon.uc)
Log: Imported: Class DeusEx.Moon
Log: FactoryCreateText: Class with ClassFactoryUC (0 1 ..\DeusEx\Classes\MorganEverett.uc)
Log: Imported: Class DeusEx.MorganEverett
Log: FactoryCreateText: Class with ClassFactoryUC (0 1 ..\DeusEx\Classes\MorganEverettCarcass.uc)
Log: Imported: Class DeusEx.MorganEverettCarcass
Log: FactoryCreateText: Class with ClassFactoryUC (0 1 ..\DeusEx\Classes\MoverCollider.uc)
Log: Imported: Class DeusEx.MoverCollider
Log: FactoryCreateText: Class with ClassFactoryUC (0 1 ..\DeusEx\Classes\MoverHighlight.uc)
Log: Imported: Class DeusEx.MoverHighlight
Log: FactoryCreateText: Class with ClassFactoryUC (0 1 ..\DeusEx\Classes\MovingWindow.uc)
Log: Imported: Class DeusEx.MovingWindow
Log: FactoryCreateText: Class with ClassFactoryUC (0 1 ..\DeusEx\Classes\mpmj12.uc)
Log: Imported: Class DeusEx.mpmj12
Log: FactoryCreateText: Class with ClassFactoryUC (0 1 ..\DeusEx\Classes\mpnsf.uc)
Log: Imported: Class DeusEx.mpnsf
Log: FactoryCreateText: Class with ClassFactoryUC (0 1 ..\DeusEx\Classes\mpplayertrack.uc)
Log: Imported: Class DeusEx.mpplayertrack
Log: FactoryCreateText: Class with ClassFactoryUC (0 1 ..\DeusEx\Classes\Mpunatco.uc)
Log: Imported: Class DeusEx.Mpunatco
Log: FactoryCreateText: Class with ClassFactoryUC (0 1 ..\DeusEx\Classes\MultiMover.uc)
Log: Imported: Class DeusEx.MultiMover
Log: FactoryCreateText: Class with ClassFactoryUC (0 1 ..\DeusEx\Classes\MultiplayerMessageWin.uc)
Log: Imported: Class DeusEx.MultiplayerMessageWin
Log: FactoryCreateText: Class with ClassFactoryUC (0 1 ..\DeusEx\Classes\Multitool.uc)
Log: Imported: Class DeusEx.Multitool
Log: FactoryCreateText: Class with ClassFactoryUC (0 1 ..\DeusEx\Classes\Mutt.uc)
Log: Imported: Class DeusEx.Mutt
Log: FactoryCreateText: Class with ClassFactoryUC (0 1 ..\DeusEx\Classes\MuttCarcass.uc)
Log: Imported: Class DeusEx.MuttCarcass
Log: FactoryCreateText: Class with ClassFactoryUC (0 1 ..\DeusEx\Classes\MuzzleFlash.uc)
Log: Imported: Class DeusEx.MuzzleFlash
Log: FactoryCreateText: Class with ClassFactoryUC (0 1 ..\DeusEx\Classes\NanoKey.uc)
Log: Imported: Class DeusEx.NanoKey
Log: FactoryCreateText: Class with ClassFactoryUC (0 1 ..\DeusEx\Classes\NanoKeyInfo.uc)
Log: Imported: Class DeusEx.NanoKeyInfo
Log: FactoryCreateText: Class with ClassFactoryUC (0 1 ..\DeusEx\Classes\NanoKeyRing.uc)
Log: Imported: Class DeusEx.NanoKeyRing
Log: FactoryCreateText: Class with ClassFactoryUC (0 1 ..\DeusEx\Classes\NanoVirusGrenade.uc)
Log: Imported: Class DeusEx.NanoVirusGrenade
Log: FactoryCreateText: Class with ClassFactoryUC (0 1 ..\DeusEx\Classes\NathanMadison.uc)
Log: Imported: Class DeusEx.NathanMadison
Log: FactoryCreateText: Class with ClassFactoryUC (0 1 ..\DeusEx\Classes\NathanMadisonCarcass.uc)
Log: Imported: Class DeusEx.NathanMadisonCarcass
Log: FactoryCreateText: Class with ClassFactoryUC (0 1 ..\DeusEx\Classes\NetworkTerminal.uc)
Log: Imported: Class DeusEx.NetworkTerminal
Log: FactoryCreateText: Class with ClassFactoryUC (0 1 ..\DeusEx\Classes\NetworkTerminalATM.uc)
Log: Imported: Class DeusEx.NetworkTerminalATM
Log: FactoryCreateText: Class with ClassFactoryUC (0 1 ..\DeusEx\Classes\NetworkTerminalPersonal.uc)
Log: Imported: Class DeusEx.NetworkTerminalPersonal
Log: FactoryCreateText: Class with ClassFactoryUC (0 1 ..\DeusEx\Classes\NetworkTerminalPublic.uc)
Log: Imported: Class DeusEx.NetworkTerminalPublic
Log: FactoryCreateText: Class with ClassFactoryUC (0 1 ..\DeusEx\Classes\NetworkTerminalSecurity.uc)
Log: Imported: Class DeusEx.NetworkTerminalSecurity
Log: FactoryCreateText: Class with ClassFactoryUC (0 1 ..\DeusEx\Classes\Newspaper.uc)
Log: Imported: Class DeusEx.Newspaper
Log: FactoryCreateText: Class with ClassFactoryUC (0 1 ..\DeusEx\Classes\NewspaperOpen.uc)
Log: Imported: Class DeusEx.NewspaperOpen
Log: FactoryCreateText: Class with ClassFactoryUC (0 1 ..\DeusEx\Classes\NewYorkDecoration.uc)
Log: Imported: Class DeusEx.NewYorkDecoration
Log: FactoryCreateText: Class with ClassFactoryUC (0 1 ..\DeusEx\Classes\NicoletteDuClare.uc)
Log: Imported: Class DeusEx.NicoletteDuClare
Log: FactoryCreateText: Class with ClassFactoryUC (0 1 ..\DeusEx\Classes\NicoletteDuClareCarcass.uc)
Log: Imported: Class DeusEx.NicoletteDuClareCarcass
Log: FactoryCreateText: Class with ClassFactoryUC (0 1 ..\DeusEx\Classes\Nurse.uc)
Log: Imported: Class DeusEx.Nurse
Log: FactoryCreateText: Class with ClassFactoryUC (0 1 ..\DeusEx\Classes\NurseCarcass.uc)
Log: Imported: Class DeusEx.NurseCarcass
Log: FactoryCreateText: Class with ClassFactoryUC (0 1 ..\DeusEx\Classes\NYEagleStatue.uc)
Log: Imported: Class DeusEx.NYEagleStatue
Log: FactoryCreateText: Class with ClassFactoryUC (0 1 ..\DeusEx\Classes\NYLiberty.uc)
Log: Imported: Class DeusEx.NYLiberty
Log: FactoryCreateText: Class with ClassFactoryUC (0 1 ..\DeusEx\Classes\NYLibertyTop.uc)
Log: Imported: Class DeusEx.NYLibertyTop
Log: FactoryCreateText: Class with ClassFactoryUC (0 1 ..\DeusEx\Classes\NYLibertyTorch.uc)
Log: Imported: Class DeusEx.NYLibertyTorch
Log: FactoryCreateText: Class with ClassFactoryUC (0 1 ..\DeusEx\Classes\NYPoliceBoat.uc)
Log: Imported: Class DeusEx.NYPoliceBoat
Log: FactoryCreateText: Class with ClassFactoryUC (0 1 ..\DeusEx\Classes\OfficeChair.uc)
Log: Imported: Class DeusEx.OfficeChair
Log: FactoryCreateText: Class with ClassFactoryUC (0 1 ..\DeusEx\Classes\OrdersTrigger.uc)
Log: Imported: Class DeusEx.OrdersTrigger
Log: FactoryCreateText: Class with ClassFactoryUC (0 1 ..\DeusEx\Classes\OutdoorThings.uc)
Log: Imported: Class DeusEx.OutdoorThings
Log: FactoryCreateText: Class with ClassFactoryUC (0 1 ..\DeusEx\Classes\Pan1.uc)
Log: Imported: Class DeusEx.Pan1
Log: FactoryCreateText: Class with ClassFactoryUC (0 1 ..\DeusEx\Classes\Pan2.uc)
Log: Imported: Class DeusEx.Pan2
Log: FactoryCreateText: Class with ClassFactoryUC (0 1 ..\DeusEx\Classes\Pan3.uc)
Log: Imported: Class DeusEx.Pan3
Log: FactoryCreateText: Class with ClassFactoryUC (0 1 ..\DeusEx\Classes\Pan4.uc)
Log: Imported: Class DeusEx.Pan4
Log: FactoryCreateText: Class with ClassFactoryUC (0 1 ..\DeusEx\Classes\PaperFragment.uc)
Log: Imported: Class DeusEx.PaperFragment
Log: FactoryCreateText: Class with ClassFactoryUC (0 1 ..\DeusEx\Classes\ParticleGenerator.uc)
Log: Imported: Class DeusEx.ParticleGenerator
Log: FactoryCreateText: Class with ClassFactoryUC (0 1 ..\DeusEx\Classes\ParticleIterator.uc)
Log: Imported: Class DeusEx.ParticleIterator
Log: FactoryCreateText: Class with ClassFactoryUC (0 1 ..\DeusEx\Classes\ParticleProxy.uc)
Log: Imported: Class DeusEx.ParticleProxy
Log: FactoryCreateText: Class with ClassFactoryUC (0 1 ..\DeusEx\Classes\PaulDenton.uc)
Log: Imported: Class DeusEx.PaulDenton
Log: FactoryCreateText: Class with ClassFactoryUC (0 1 ..\DeusEx\Classes\PaulDentonCarcass.uc)
Log: Imported: Class DeusEx.PaulDentonCarcass
Log: FactoryCreateText: Class with ClassFactoryUC (0 1 ..\DeusEx\Classes\PawnGenerator.uc)
Log: Imported: Class DeusEx.PawnGenerator
Log: FactoryCreateText: Class with ClassFactoryUC (0 1 ..\DeusEx\Classes\PedestrianGenerator.uc)
Log: Imported: Class DeusEx.PedestrianGenerator
Log: FactoryCreateText: Class with ClassFactoryUC (0 1 ..\DeusEx\Classes\PersonaActionButtonWindow.uc)
Log: Imported: Class DeusEx.PersonaActionButtonWindow
Log: FactoryCreateText: Class with ClassFactoryUC (0 1 ..\DeusEx\Classes\PersonaAmmoDetailButton.uc)
Log: Imported: Class DeusEx.PersonaAmmoDetailButton
Log: FactoryCreateText: Class with ClassFactoryUC (0 1 ..\DeusEx\Classes\PersonaAugmentationBodyWindow.uc)
Log: Imported: Class DeusEx.PersonaAugmentationBodyWindow
Log: FactoryCreateText: Class with ClassFactoryUC (0 1 ..\DeusEx\Classes\PersonaAugmentationItemButton.uc)
Log: Imported: Class DeusEx.PersonaAugmentationItemButton
Log: FactoryCreateText: Class with ClassFactoryUC (0 1 ..\DeusEx\Classes\PersonaAugmentationOverlaysWindow.uc)
Log: Imported: Class DeusEx.PersonaAugmentationOverlaysWindow
Log: FactoryCreateText: Class with ClassFactoryUC (0 1 ..\DeusEx\Classes\PersonaBaseWindow.uc)
Log: Imported: Class DeusEx.PersonaBaseWindow
Log: FactoryCreateText: Class with ClassFactoryUC (0 1 ..\DeusEx\Classes\PersonaBorderButtonWindow.uc)
Log: Imported: Class DeusEx.PersonaBorderButtonWindow
Log: FactoryCreateText: Class with ClassFactoryUC (0 1 ..\DeusEx\Classes\PersonaButtonBarWindow.uc)
Log: Imported: Class DeusEx.PersonaButtonBarWindow
Log: FactoryCreateText: Class with ClassFactoryUC (0 1 ..\DeusEx\Classes\PersonaCheckBoxWindow.uc)
Log: Imported: Class DeusEx.PersonaCheckBoxWindow
Log: FactoryCreateText: Class with ClassFactoryUC (0 1 ..\DeusEx\Classes\PersonaClientBaseWindow.uc)
Log: Imported: Class DeusEx.PersonaClientBaseWindow
Log: FactoryCreateText: Class with ClassFactoryUC (0 1 ..\DeusEx\Classes\PersonaClientBorderWindow.uc)
Log: Imported: Class DeusEx.PersonaClientBorderWindow
Log: FactoryCreateText: Class with ClassFactoryUC (0 1 ..\DeusEx\Classes\PersonaClientWindow.uc)
Log: Imported: Class DeusEx.PersonaClientWindow
Log: FactoryCreateText: Class with ClassFactoryUC (0 1 ..\DeusEx\Classes\PersonaEditWindow.uc)
Log: Imported: Class DeusEx.PersonaEditWindow
Log: FactoryCreateText: Class with ClassFactoryUC (0 1 ..\DeusEx\Classes\PersonaGoalItemWindow.uc)
Log: Imported: Class DeusEx.PersonaGoalItemWindow
Log: FactoryCreateText: Class with ClassFactoryUC (0 1 ..\DeusEx\Classes\PersonaGoalTextWindow.uc)
Log: Imported: Class DeusEx.PersonaGoalTextWindow
Log: FactoryCreateText: Class with ClassFactoryUC (0 1 ..\DeusEx\Classes\PersonaHeaderLargeTextWindow.uc)
Log: Imported: Class DeusEx.PersonaHeaderLargeTextWindow
Log: FactoryCreateText: Class with ClassFactoryUC (0 1 ..\DeusEx\Classes\PersonaHeaderTextWindow.uc)
Log: Imported: Class DeusEx.PersonaHeaderTextWindow
Log: FactoryCreateText: Class with ClassFactoryUC (0 1 ..\DeusEx\Classes\PersonaHealthActionButtonWindow.uc)
Log: Imported: Class DeusEx.PersonaHealthActionButtonWindow
Log: FactoryCreateText: Class with ClassFactoryUC (0 1 ..\DeusEx\Classes\PersonaHealthBodyWindow.uc)
Log: Imported: Class DeusEx.PersonaHealthBodyWindow
Log: FactoryCreateText: Class with ClassFactoryUC (0 1 ..\DeusEx\Classes\PersonaHealthItemButton.uc)
Log: Imported: Class DeusEx.PersonaHealthItemButton
Log: FactoryCreateText: Class with ClassFactoryUC (0 1 ..\DeusEx\Classes\PersonaHealthOverlaysWindow.uc)
Log: Imported: Class DeusEx.PersonaHealthOverlaysWindow
Log: FactoryCreateText: Class with ClassFactoryUC (0 1 ..\DeusEx\Classes\PersonaHealthRegionWindow.uc)
Log: Imported: Class DeusEx.PersonaHealthRegionWindow
Log: FactoryCreateText: Class with ClassFactoryUC (0 1 ..\DeusEx\Classes\PersonaImageNewLegendLabel.uc)
Log: Imported: Class DeusEx.PersonaImageNewLegendLabel
Log: FactoryCreateText: Class with ClassFactoryUC (0 1 ..\DeusEx\Classes\PersonaImageNoteWindow.uc)
Log: Imported: Class DeusEx.PersonaImageNoteWindow
Log: FactoryCreateText: Class with ClassFactoryUC (0 1 ..\DeusEx\Classes\PersonaImageWindow.uc)
Log: Imported: Class DeusEx.PersonaImageWindow
Log: FactoryCreateText: Class with ClassFactoryUC (0 1 ..\DeusEx\Classes\PersonaInfoItemWindow.uc)
Log: Imported: Class DeusEx.PersonaInfoItemWindow
Log: FactoryCreateText: Class with ClassFactoryUC (0 1 ..\DeusEx\Classes\PersonaInfoLineWindow.uc)
Log: Imported: Class DeusEx.PersonaInfoLineWindow
Log: FactoryCreateText: Class with ClassFactoryUC (0 1 ..\DeusEx\Classes\PersonaInfoWindow.uc)
Log: Imported: Class DeusEx.PersonaInfoWindow
Log: FactoryCreateText: Class with ClassFactoryUC (0 1 ..\DeusEx\Classes\PersonaInventoryCreditsWindow.uc)
Log: Imported: Class DeusEx.PersonaInventoryCreditsWindow
Log: FactoryCreateText: Class with ClassFactoryUC (0 1 ..\DeusEx\Classes\PersonaInventoryInfoWindow.uc)
Log: Imported: Class DeusEx.PersonaInventoryInfoWindow
Log: FactoryCreateText: Class with ClassFactoryUC (0 1 ..\DeusEx\Classes\PersonaInventoryItemButton.uc)
Log: Imported: Class DeusEx.PersonaInventoryItemButton
Log: FactoryCreateText: Class with ClassFactoryUC (0 1 ..\DeusEx\Classes\PersonaInventoryObjectBelt.uc)
Log: Imported: Class DeusEx.PersonaInventoryObjectBelt
Log: FactoryCreateText: Class with ClassFactoryUC (0 1 ..\DeusEx\Classes\PersonaItemButton.uc)
Log: Imported: Class DeusEx.PersonaItemButton
Log: FactoryCreateText: Class with ClassFactoryUC (0 1 ..\DeusEx\Classes\PersonaItemDetailButton.uc)
Log: Imported: Class DeusEx.PersonaItemDetailButton
Log: FactoryCreateText: Class with ClassFactoryUC (0 1 ..\DeusEx\Classes\PersonaItemDetailIconWindow.uc)
Log: Imported: Class DeusEx.PersonaItemDetailIconWindow
Log: FactoryCreateText: Class with ClassFactoryUC (0 1 ..\DeusEx\Classes\PersonaItemDetailWindow.uc)
Log: Imported: Class DeusEx.PersonaItemDetailWindow
Log: FactoryCreateText: Class with ClassFactoryUC (0 1 ..\DeusEx\Classes\PersonaLevelIconWindow.uc)
Log: Imported: Class DeusEx.PersonaLevelIconWindow
Log: FactoryCreateText: Class with ClassFactoryUC (0 1 ..\DeusEx\Classes\PersonaListWindow.uc)
Log: Imported: Class DeusEx.PersonaListWindow
Log: FactoryCreateText: Class with ClassFactoryUC (0 1 ..\DeusEx\Classes\PersonaNavBarBaseWindow.uc)
Log: Imported: Class DeusEx.PersonaNavBarBaseWindow
Log: FactoryCreateText: Class with ClassFactoryUC (0 1 ..\DeusEx\Classes\PersonaNavBarWindow.uc)
Log: Imported: Class DeusEx.PersonaNavBarWindow
Log: FactoryCreateText: Class with ClassFactoryUC (0 1 ..\DeusEx\Classes\PersonaNavButtonWindow.uc)
Log: Imported: Class DeusEx.PersonaNavButtonWindow
Log: FactoryCreateText: Class with ClassFactoryUC (0 1 ..\DeusEx\Classes\PersonaNormalLargeTextWindow.uc)
Log: Imported: Class DeusEx.PersonaNormalLargeTextWindow
Log: FactoryCreateText: Class with ClassFactoryUC (0 1 ..\DeusEx\Classes\PersonaNormalTextWindow.uc)
Log: Imported: Class DeusEx.PersonaNormalTextWindow
Log: FactoryCreateText: Class with ClassFactoryUC (0 1 ..\DeusEx\Classes\PersonaNotesEditWindow.uc)
Log: Imported: Class DeusEx.PersonaNotesEditWindow
Log: FactoryCreateText: Class with ClassFactoryUC (0 1 ..\DeusEx\Classes\PersonaOverlaysWindow.uc)
Log: Imported: Class DeusEx.PersonaOverlaysWindow
Log: FactoryCreateText: Class with ClassFactoryUC (0 1 ..\DeusEx\Classes\PersonaScreenAugmentations.uc)
Log: Imported: Class DeusEx.PersonaScreenAugmentations
Log: FactoryCreateText: Class with ClassFactoryUC (0 1 ..\DeusEx\Classes\PersonaScreenBaseWindow.uc)
Log: Imported: Class DeusEx.PersonaScreenBaseWindow
Log: FactoryCreateText: Class with ClassFactoryUC (0 1 ..\DeusEx\Classes\PersonaScreenConversations.uc)
Log: Imported: Class DeusEx.PersonaScreenConversations
Log: FactoryCreateText: Class with ClassFactoryUC (0 1 ..\DeusEx\Classes\PersonaScreenGoals.uc)
Log: Imported: Class DeusEx.PersonaScreenGoals
Log: FactoryCreateText: Class with ClassFactoryUC (0 1 ..\DeusEx\Classes\PersonaScreenHealth.uc)
Log: Imported: Class DeusEx.PersonaScreenHealth
Log: FactoryCreateText: Class with ClassFactoryUC (0 1 ..\DeusEx\Classes\PersonaScreenImages.uc)
Log: Imported: Class DeusEx.PersonaScreenImages
Log: FactoryCreateText: Class with ClassFactoryUC (0 1 ..\DeusEx\Classes\PersonaScreenInventory.uc)
Log: Imported: Class DeusEx.PersonaScreenInventory
Log: FactoryCreateText: Class with ClassFactoryUC (0 1 ..\DeusEx\Classes\PersonaScreenLogs.uc)
Log: Imported: Class DeusEx.PersonaScreenLogs
Log: FactoryCreateText: Class with ClassFactoryUC (0 1 ..\DeusEx\Classes\PersonaScreenSkills.uc)
Log: Imported: Class DeusEx.PersonaScreenSkills
Log: FactoryCreateText: Class with ClassFactoryUC (0 1 ..\DeusEx\Classes\PersonaScrollAreaWindow.uc)
Log: Imported: Class DeusEx.PersonaScrollAreaWindow
Log: FactoryCreateText: Class with ClassFactoryUC (0 1 ..\DeusEx\Classes\PersonaSkillButtonWindow.uc)
Log: Imported: Class DeusEx.PersonaSkillButtonWindow
Log: FactoryCreateText: Class with ClassFactoryUC (0 1 ..\DeusEx\Classes\PersonaSkillTextWindow.uc)
Log: Imported: Class DeusEx.PersonaSkillTextWindow
Log: FactoryCreateText: Class with ClassFactoryUC (0 1 ..\DeusEx\Classes\PersonaStatusLineWindow.uc)
Log: Imported: Class DeusEx.PersonaStatusLineWindow
Log: FactoryCreateText: Class with ClassFactoryUC (0 1 ..\DeusEx\Classes\PersonaTitleTextWindow.uc)
Log: Imported: Class DeusEx.PersonaTitleTextWindow
Log: FactoryCreateText: Class with ClassFactoryUC (0 1 ..\DeusEx\Classes\PhilipMead.uc)
Log: Imported: Class DeusEx.PhilipMead
Log: FactoryCreateText: Class with ClassFactoryUC (0 1 ..\DeusEx\Classes\PhilipMeadCarcass.uc)
Log: Imported: Class DeusEx.PhilipMeadCarcass
Log: FactoryCreateText: Class with ClassFactoryUC (0 1 ..\DeusEx\Classes\Phone.uc)
Log: Imported: Class DeusEx.Phone
Log: FactoryCreateText: Class with ClassFactoryUC (0 1 ..\DeusEx\Classes\PickupDistributor.uc)
Log: Imported: Class DeusEx.PickupDistributor
Log: FactoryCreateText: Class with ClassFactoryUC (0 1 ..\DeusEx\Classes\PictureWindow.uc)
Log: Imported: Class DeusEx.PictureWindow
Log: FactoryCreateText: Class with ClassFactoryUC (0 1 ..\DeusEx\Classes\Pigeon.uc)
Log: Imported: Class DeusEx.Pigeon
Log: FactoryCreateText: Class with ClassFactoryUC (0 1 ..\DeusEx\Classes\PigeonCarcass.uc)
Log: Imported: Class DeusEx.PigeonCarcass
Log: FactoryCreateText: Class with ClassFactoryUC (0 1 ..\DeusEx\Classes\PigeonGenerator.uc)
Log: Imported: Class DeusEx.PigeonGenerator
Log: FactoryCreateText: Class with ClassFactoryUC (0 1 ..\DeusEx\Classes\Pillow.uc)
Log: Imported: Class DeusEx.Pillow
Log: FactoryCreateText: Class with ClassFactoryUC (0 1 ..\DeusEx\Classes\Pinball.uc)
Log: Imported: Class DeusEx.Pinball
Log: FactoryCreateText: Class with ClassFactoryUC (0 1 ..\DeusEx\Classes\Plant1.uc)
Log: Imported: Class DeusEx.Plant1
Log: FactoryCreateText: Class with ClassFactoryUC (0 1 ..\DeusEx\Classes\Plant2.uc)
Log: Imported: Class DeusEx.Plant2
Log: FactoryCreateText: Class with ClassFactoryUC (0 1 ..\DeusEx\Classes\Plant3.uc)
Log: Imported: Class DeusEx.Plant3
Log: FactoryCreateText: Class with ClassFactoryUC (0 1 ..\DeusEx\Classes\PlasmaBolt.uc)
Log: Imported: Class DeusEx.PlasmaBolt
Log: FactoryCreateText: Class with ClassFactoryUC (0 1 ..\DeusEx\Classes\PlasticFragment.uc)
Log: Imported: Class DeusEx.PlasticFragment
Log: FactoryCreateText: Class with ClassFactoryUC (0 1 ..\DeusEx\Classes\PlayMusicWindow.uc)
Log: Imported: Class DeusEx.PlayMusicWindow
Log: FactoryCreateText: Class with ClassFactoryUC (0 1 ..\DeusEx\Classes\PoisonGas.uc)
Log: Imported: Class DeusEx.PoisonGas
Log: FactoryCreateText: Class with ClassFactoryUC (0 1 ..\DeusEx\Classes\Poolball.uc)
Log: Imported: Class DeusEx.Poolball
Log: FactoryCreateText: Class with ClassFactoryUC (0 1 ..\DeusEx\Classes\PoolTableLight.uc)
Log: Imported: Class DeusEx.PoolTableLight
Log: FactoryCreateText: Class with ClassFactoryUC (0 1 ..\DeusEx\Classes\Pot1.uc)
Log: Imported: Class DeusEx.Pot1
Log: FactoryCreateText: Class with ClassFactoryUC (0 1 ..\DeusEx\Classes\Pot2.uc)
Log: Imported: Class DeusEx.Pot2
Log: FactoryCreateText: Class with ClassFactoryUC (0 1 ..\DeusEx\Classes\POVCorpse.uc)
Log: Imported: Class DeusEx.POVCorpse
Log: FactoryCreateText: Class with ClassFactoryUC (0 1 ..\DeusEx\Classes\ProgressBarWindow.uc)
Log: Imported: Class DeusEx.ProgressBarWindow
Log: FactoryCreateText: Class with ClassFactoryUC (0 1 ..\DeusEx\Classes\ProjectileGenerator.uc)
Log: Imported: Class DeusEx.ProjectileGenerator
Log: FactoryCreateText: Class with ClassFactoryUC (0 1 ..\DeusEx\Classes\QuotesWindow.uc)
Log: Imported: Class DeusEx.QuotesWindow
Log: FactoryCreateText: Class with ClassFactoryUC (0 1 ..\DeusEx\Classes\RachelMead.uc)
Log: Imported: Class DeusEx.RachelMead
Log: FactoryCreateText: Class with ClassFactoryUC (0 1 ..\DeusEx\Classes\RachelMeadCarcass.uc)
Log: Imported: Class DeusEx.RachelMeadCarcass
Log: FactoryCreateText: Class with ClassFactoryUC (0 1 ..\DeusEx\Classes\RandomEvents.uc)
Log: Imported: Class DeusEx.RandomEvents
Log: FactoryCreateText: Class with ClassFactoryUC (0 1 ..\DeusEx\Classes\RandomSounds.uc)
Log: Imported: Class DeusEx.RandomSounds
Log: FactoryCreateText: Class with ClassFactoryUC (0 1 ..\DeusEx\Classes\Rat.uc)
Log: Imported: Class DeusEx.Rat
Log: FactoryCreateText: Class with ClassFactoryUC (0 1 ..\DeusEx\Classes\RatCarcass.uc)
Log: Imported: Class DeusEx.RatCarcass
Log: FactoryCreateText: Class with ClassFactoryUC (0 1 ..\DeusEx\Classes\RatGenerator.uc)
Log: Imported: Class DeusEx.RatGenerator
Log: FactoryCreateText: Class with ClassFactoryUC (0 1 ..\DeusEx\Classes\Rebreather.uc)
Log: Imported: Class DeusEx.Rebreather
Log: FactoryCreateText: Class with ClassFactoryUC (0 1 ..\DeusEx\Classes\RepairBot.uc)
Log: Imported: Class DeusEx.RepairBot
Log: FactoryCreateText: Class with ClassFactoryUC (0 1 ..\DeusEx\Classes\RetinalScanner.uc)
Log: Imported: Class DeusEx.RetinalScanner
Log: FactoryCreateText: Class with ClassFactoryUC (0 1 ..\DeusEx\Classes\RiotCop.uc)
Log: Imported: Class DeusEx.RiotCop
Log: FactoryCreateText: Class with ClassFactoryUC (0 1 ..\DeusEx\Classes\RiotCopCarcass.uc)
Log: Imported: Class DeusEx.RiotCopCarcass
Log: FactoryCreateText: Class with ClassFactoryUC (0 1 ..\DeusEx\Classes\RoadBlock.uc)
Log: Imported: Class DeusEx.RoadBlock
Log: FactoryCreateText: Class with ClassFactoryUC (0 1 ..\DeusEx\Classes\Robot.uc)
Log: Imported: Class DeusEx.Robot
Log: FactoryCreateText: Class with ClassFactoryUC (0 1 ..\DeusEx\Classes\Rockchip.uc)
Log: Imported: Class DeusEx.Rockchip
Log: FactoryCreateText: Class with ClassFactoryUC (0 1 ..\DeusEx\Classes\Rocket.uc)
Log: Imported: Class DeusEx.Rocket
Log: FactoryCreateText: Class with ClassFactoryUC (0 1 ..\DeusEx\Classes\RocketLAW.uc)
Log: Imported: Class DeusEx.RocketLAW
Log: FactoryCreateText: Class with ClassFactoryUC (0 1 ..\DeusEx\Classes\RocketMini.uc)
Log: Imported: Class DeusEx.RocketMini
Log: FactoryCreateText: Class with ClassFactoryUC (0 1 ..\DeusEx\Classes\RocketRobot.uc)
Log: Imported: Class DeusEx.RocketRobot
Log: FactoryCreateText: Class with ClassFactoryUC (0 1 ..\DeusEx\Classes\RocketWP.uc)
Log: Imported: Class DeusEx.RocketWP
Log: FactoryCreateText: Class with ClassFactoryUC (0 1 ..\DeusEx\Classes\Sailor.uc)
Log: Imported: Class DeusEx.Sailor
Log: FactoryCreateText: Class with ClassFactoryUC (0 1 ..\DeusEx\Classes\SailorCarcass.uc)
Log: Imported: Class DeusEx.SailorCarcass
Log: FactoryCreateText: Class with ClassFactoryUC (0 1 ..\DeusEx\Classes\SamCarter.uc)
Log: Imported: Class DeusEx.SamCarter
Log: FactoryCreateText: Class with ClassFactoryUC (0 1 ..\DeusEx\Classes\SamCarterCarcass.uc)
Log: Imported: Class DeusEx.SamCarterCarcass
Log: FactoryCreateText: Class with ClassFactoryUC (0 1 ..\DeusEx\Classes\SandraRenton.uc)
Log: Imported: Class DeusEx.SandraRenton
Log: FactoryCreateText: Class with ClassFactoryUC (0 1 ..\DeusEx\Classes\SandraRentonCarcass.uc)
Log: Imported: Class DeusEx.SandraRentonCarcass
Log: FactoryCreateText: Class with ClassFactoryUC (0 1 ..\DeusEx\Classes\SarahMead.uc)
Log: Imported: Class DeusEx.SarahMead
Log: FactoryCreateText: Class with ClassFactoryUC (0 1 ..\DeusEx\Classes\SarahMeadCarcass.uc)
Log: Imported: Class DeusEx.SarahMeadCarcass
Log: FactoryCreateText: Class with ClassFactoryUC (0 1 ..\DeusEx\Classes\SatelliteDish.uc)
Log: Imported: Class DeusEx.SatelliteDish
Log: FactoryCreateText: Class with ClassFactoryUC (0 1 ..\DeusEx\Classes\ScientistFemale.uc)
Log: Imported: Class DeusEx.ScientistFemale
Log: FactoryCreateText: Class with ClassFactoryUC (0 1 ..\DeusEx\Classes\ScientistFemaleCarcass.uc)
Log: Imported: Class DeusEx.ScientistFemaleCarcass
Log: FactoryCreateText: Class with ClassFactoryUC (0 1 ..\DeusEx\Classes\ScientistMale.uc)
Log: Imported: Class DeusEx.ScientistMale
Log: FactoryCreateText: Class with ClassFactoryUC (0 1 ..\DeusEx\Classes\ScientistMaleCarcass.uc)
Log: Imported: Class DeusEx.ScientistMaleCarcass
Log: FactoryCreateText: Class with ClassFactoryUC (0 1 ..\DeusEx\Classes\ScorchMark.uc)
Log: Imported: Class DeusEx.ScorchMark
Log: FactoryCreateText: Class with ClassFactoryUC (0 1 ..\DeusEx\Classes\ScriptedPawn.uc)
Log: Imported: Class DeusEx.ScriptedPawn
Log: FactoryCreateText: Class with ClassFactoryUC (0 1 ..\DeusEx\Classes\ScubaDiver.uc)
Log: Imported: Class DeusEx.ScubaDiver
Log: FactoryCreateText: Class with ClassFactoryUC (0 1 ..\DeusEx\Classes\ScubaDiverCarcass.uc)
Log: Imported: Class DeusEx.ScubaDiverCarcass
Log: FactoryCreateText: Class with ClassFactoryUC (0 1 ..\DeusEx\Classes\Seagull.uc)
Log: Imported: Class DeusEx.Seagull
Log: FactoryCreateText: Class with ClassFactoryUC (0 1 ..\DeusEx\Classes\SeagullCarcass.uc)
Log: Imported: Class DeusEx.SeagullCarcass
Log: FactoryCreateText: Class with ClassFactoryUC (0 1 ..\DeusEx\Classes\SeagullGenerator.uc)
Log: Imported: Class DeusEx.SeagullGenerator
Log: FactoryCreateText: Class with ClassFactoryUC (0 1 ..\DeusEx\Classes\Seat.uc)
Log: Imported: Class DeusEx.Seat
Log: FactoryCreateText: Class with ClassFactoryUC (0 1 ..\DeusEx\Classes\Secretary.uc)
Log: Imported: Class DeusEx.Secretary
Log: FactoryCreateText: Class with ClassFactoryUC (0 1 ..\DeusEx\Classes\SecretaryCarcass.uc)
Log: Imported: Class DeusEx.SecretaryCarcass
Log: FactoryCreateText: Class with ClassFactoryUC (0 1 ..\DeusEx\Classes\SecretService.uc)
Log: Imported: Class DeusEx.SecretService
Log: FactoryCreateText: Class with ClassFactoryUC (0 1 ..\DeusEx\Classes\SecretServiceCarcass.uc)
Log: Imported: Class DeusEx.SecretServiceCarcass
Log: FactoryCreateText: Class with ClassFactoryUC (0 1 ..\DeusEx\Classes\SecurityBot2.uc)
Log: Imported: Class DeusEx.SecurityBot2
Log: FactoryCreateText: Class with ClassFactoryUC (0 1 ..\DeusEx\Classes\SecurityBot3.uc)
Log: Imported: Class DeusEx.SecurityBot3
Log: FactoryCreateText: Class with ClassFactoryUC (0 1 ..\DeusEx\Classes\SecurityBot4.uc)
Log: Imported: Class DeusEx.SecurityBot4
Log: FactoryCreateText: Class with ClassFactoryUC (0 1 ..\DeusEx\Classes\SecurityCamera.uc)
Log: Imported: Class DeusEx.SecurityCamera
Log: FactoryCreateText: Class with ClassFactoryUC (0 1 ..\DeusEx\Classes\SenseTrigger.uc)
Log: Imported: Class DeusEx.SenseTrigger
Log: FactoryCreateText: Class with ClassFactoryUC (0 1 ..\DeusEx\Classes\SequenceEvents.uc)
Log: Imported: Class DeusEx.SequenceEvents
Log: FactoryCreateText: Class with ClassFactoryUC (0 1 ..\DeusEx\Classes\SequenceTrigger.uc)
Log: Imported: Class DeusEx.SequenceTrigger
Log: FactoryCreateText: Class with ClassFactoryUC (0 1 ..\DeusEx\Classes\Shadow.uc)
Log: Imported: Class DeusEx.Shadow
Log: FactoryCreateText: Class with ClassFactoryUC (0 1 ..\DeusEx\Classes\ShadowWindow.uc)
Log: Imported: Class DeusEx.ShadowWindow
Log: FactoryCreateText: Class with ClassFactoryUC (0 1 ..\DeusEx\Classes\ShakeTrigger.uc)
Log: Imported: Class DeusEx.ShakeTrigger
Log: FactoryCreateText: Class with ClassFactoryUC (0 1 ..\DeusEx\Classes\ShellCasing.uc)
Log: Imported: Class DeusEx.ShellCasing
Log: FactoryCreateText: Class with ClassFactoryUC (0 1 ..\DeusEx\Classes\ShellCasing2.uc)
Log: Imported: Class DeusEx.ShellCasing2
Log: FactoryCreateText: Class with ClassFactoryUC (0 1 ..\DeusEx\Classes\ShellCasingSilent.uc)
Log: Imported: Class DeusEx.ShellCasingSilent
Log: FactoryCreateText: Class with ClassFactoryUC (0 1 ..\DeusEx\Classes\shieldeffect.uc)
Log: Imported: Class DeusEx.shieldeffect
Log: FactoryCreateText: Class with ClassFactoryUC (0 1 ..\DeusEx\Classes\ShipsWheel.uc)
Log: Imported: Class DeusEx.ShipsWheel
Log: FactoryCreateText: Class with ClassFactoryUC (0 1 ..\DeusEx\Classes\ShockRing.uc)
Log: Imported: Class DeusEx.ShockRing
Log: FactoryCreateText: Class with ClassFactoryUC (0 1 ..\DeusEx\Classes\ShopLight.uc)
Log: Imported: Class DeusEx.ShopLight
Log: FactoryCreateText: Class with ClassFactoryUC (0 1 ..\DeusEx\Classes\ShowClassWindow.uc)
Log: Imported: Class DeusEx.ShowClassWindow
Log: FactoryCreateText: Class with ClassFactoryUC (0 1 ..\DeusEx\Classes\ShowerFaucet.uc)
Log: Imported: Class DeusEx.ShowerFaucet
Log: FactoryCreateText: Class with ClassFactoryUC (0 1 ..\DeusEx\Classes\ShowerHead.uc)
Log: Imported: Class DeusEx.ShowerHead
Log: FactoryCreateText: Class with ClassFactoryUC (0 1 ..\DeusEx\Classes\Shuriken.uc)
Log: Imported: Class DeusEx.Shuriken
Log: FactoryCreateText: Class with ClassFactoryUC (0 1 ..\DeusEx\Classes\SignFloor.uc)
Log: Imported: Class DeusEx.SignFloor
Log: FactoryCreateText: Class with ClassFactoryUC (0 1 ..\DeusEx\Classes\Skill.uc)
Log: Imported: Class DeusEx.Skill
Log: FactoryCreateText: Class with ClassFactoryUC (0 1 ..\DeusEx\Classes\SkillAwardTrigger.uc)
Log: Imported: Class DeusEx.SkillAwardTrigger
Log: FactoryCreateText: Class with ClassFactoryUC (0 1 ..\DeusEx\Classes\SkillComputer.uc)
Log: Imported: Class DeusEx.SkillComputer
Log: FactoryCreateText: Class with ClassFactoryUC (0 1 ..\DeusEx\Classes\SkillDemolition.uc)
Log: Imported: Class DeusEx.SkillDemolition
Log: FactoryCreateText: Class with ClassFactoryUC (0 1 ..\DeusEx\Classes\SkilledTool.uc)
Log: Imported: Class DeusEx.SkilledTool
Log: FactoryCreateText: Class with ClassFactoryUC (0 1 ..\DeusEx\Classes\SkillEnviro.uc)
Log: Imported: Class DeusEx.SkillEnviro
Log: FactoryCreateText: Class with ClassFactoryUC (0 1 ..\DeusEx\Classes\SkillLockpicking.uc)
Log: Imported: Class DeusEx.SkillLockpicking
Log: FactoryCreateText: Class with ClassFactoryUC (0 1 ..\DeusEx\Classes\SkillManager.uc)
Log: Imported: Class DeusEx.SkillManager
Log: FactoryCreateText: Class with ClassFactoryUC (0 1 ..\DeusEx\Classes\SkillMedicine.uc)
Log: Imported: Class DeusEx.SkillMedicine
Log: FactoryCreateText: Class with ClassFactoryUC (0 1 ..\DeusEx\Classes\SkillRadioBox.uc)
Log: Imported: Class DeusEx.SkillRadioBox
Log: FactoryCreateText: Class with ClassFactoryUC (0 1 ..\DeusEx\Classes\SkillSwimming.uc)
Log: Imported: Class DeusEx.SkillSwimming
Log: FactoryCreateText: Class with ClassFactoryUC (0 1 ..\DeusEx\Classes\SkillTech.uc)
Log: Imported: Class DeusEx.SkillTech
Log: FactoryCreateText: Class with ClassFactoryUC (0 1 ..\DeusEx\Classes\SkillWeaponHeavy.uc)
Log: Imported: Class DeusEx.SkillWeaponHeavy
Log: FactoryCreateText: Class with ClassFactoryUC (0 1 ..\DeusEx\Classes\SkillWeaponLowTech.uc)
Log: Imported: Class DeusEx.SkillWeaponLowTech
Log: FactoryCreateText: Class with ClassFactoryUC (0 1 ..\DeusEx\Classes\SkillWeaponPistol.uc)
Log: Imported: Class DeusEx.SkillWeaponPistol
Log: FactoryCreateText: Class with ClassFactoryUC (0 1 ..\DeusEx\Classes\SkillWeaponRifle.uc)
Log: Imported: Class DeusEx.SkillWeaponRifle
Log: FactoryCreateText: Class with ClassFactoryUC (0 1 ..\DeusEx\Classes\smokelessfire.uc)
Log: Imported: Class DeusEx.smokelessfire
Log: FactoryCreateText: Class with ClassFactoryUC (0 1 ..\DeusEx\Classes\SmokeTrail.uc)
Log: Imported: Class DeusEx.SmokeTrail
Log: FactoryCreateText: Class with ClassFactoryUC (0 1 ..\DeusEx\Classes\Smuggler.uc)
Log: Imported: Class DeusEx.Smuggler
Log: FactoryCreateText: Class with ClassFactoryUC (0 1 ..\DeusEx\Classes\SmugglerCarcass.uc)
Log: Imported: Class DeusEx.SmugglerCarcass
Log: FactoryCreateText: Class with ClassFactoryUC (0 1 ..\DeusEx\Classes\snipertracer.uc)
Log: Imported: Class DeusEx.snipertracer
Log: FactoryCreateText: Class with ClassFactoryUC (0 1 ..\DeusEx\Classes\Sodacan.uc)
Log: Imported: Class DeusEx.Sodacan
Log: FactoryCreateText: Class with ClassFactoryUC (0 1 ..\DeusEx\Classes\Soldier.uc)
Log: Imported: Class DeusEx.Soldier
Log: FactoryCreateText: Class with ClassFactoryUC (0 1 ..\DeusEx\Classes\SoldierCarcass.uc)
Log: Imported: Class DeusEx.SoldierCarcass
Log: FactoryCreateText: Class with ClassFactoryUC (0 1 ..\DeusEx\Classes\SoyFood.uc)
Log: Imported: Class DeusEx.SoyFood
Log: FactoryCreateText: Class with ClassFactoryUC (0 1 ..\DeusEx\Classes\Spark.uc)
Log: Imported: Class DeusEx.Spark
Log: FactoryCreateText: Class with ClassFactoryUC (0 1 ..\DeusEx\Classes\SpawnPoint.uc)
Log: Imported: Class DeusEx.SpawnPoint
Log: FactoryCreateText: Class with ClassFactoryUC (0 1 ..\DeusEx\Classes\SphereEffect.uc)
Log: Imported: Class DeusEx.SphereEffect
Log: FactoryCreateText: Class with ClassFactoryUC (0 1 ..\DeusEx\Classes\SpiderBot.uc)
Log: Imported: Class DeusEx.SpiderBot
Log: FactoryCreateText: Class with ClassFactoryUC (0 1 ..\DeusEx\Classes\SpiderBot2.uc)
Log: Imported: Class DeusEx.SpiderBot2
Log: FactoryCreateText: Class with ClassFactoryUC (0 1 ..\DeusEx\Classes\SpinningLogoWindow.uc)
Log: Imported: Class DeusEx.SpinningLogoWindow
Log: FactoryCreateText: Class with ClassFactoryUC (0 1 ..\DeusEx\Classes\SpyDrone.uc)
Log: Imported: Class DeusEx.SpyDrone
Log: FactoryCreateText: Class with ClassFactoryUC (0 1 ..\DeusEx\Classes\StantonDowd.uc)
Log: Imported: Class DeusEx.StantonDowd
Log: FactoryCreateText: Class with ClassFactoryUC (0 1 ..\DeusEx\Classes\StantonDowdCarcass.uc)
Log: Imported: Class DeusEx.StantonDowdCarcass
Log: FactoryCreateText: Class with ClassFactoryUC (0 1 ..\DeusEx\Classes\StaticWindow.uc)
Log: Imported: Class DeusEx.StaticWindow
Log: FactoryCreateText: Class with ClassFactoryUC (0 1 ..\DeusEx\Classes\StatueLion.uc)
Log: Imported: Class DeusEx.StatueLion
Log: FactoryCreateText: Class with ClassFactoryUC (0 1 ..\DeusEx\Classes\SubwayControlPanel.uc)
Log: Imported: Class DeusEx.SubwayControlPanel
Log: FactoryCreateText: Class with ClassFactoryUC (0 1 ..\DeusEx\Classes\SuperBall.uc)
Log: Imported: Class DeusEx.SuperBall
Log: FactoryCreateText: Class with ClassFactoryUC (0 1 ..\DeusEx\Classes\Switch1.uc)
Log: Imported: Class DeusEx.Switch1
Log: FactoryCreateText: Class with ClassFactoryUC (0 1 ..\DeusEx\Classes\Switch2.uc)
Log: Imported: Class DeusEx.Switch2
Log: FactoryCreateText: Class with ClassFactoryUC (0 1 ..\DeusEx\Classes\TAD.uc)
Log: Imported: Class DeusEx.TAD
Log: FactoryCreateText: Class with ClassFactoryUC (0 1 ..\DeusEx\Classes\TeamDMGame.uc)
Log: Imported: Class DeusEx.TeamDMGame
Log: FactoryCreateText: Class with ClassFactoryUC (0 1 ..\DeusEx\Classes\TearGas.uc)
Log: Imported: Class DeusEx.TearGas
Log: FactoryCreateText: Class with ClassFactoryUC (0 1 ..\DeusEx\Classes\TechGoggles.uc)
Log: Imported: Class DeusEx.TechGoggles
Log: FactoryCreateText: Class with ClassFactoryUC (0 1 ..\DeusEx\Classes\Terrorist.uc)
Log: Imported: Class DeusEx.Terrorist
Log: FactoryCreateText: Class with ClassFactoryUC (0 1 ..\DeusEx\Classes\TerroristCarcass.uc)
Log: Imported: Class DeusEx.TerroristCarcass
Log: FactoryCreateText: Class with ClassFactoryUC (0 1 ..\DeusEx\Classes\TerroristCommander.uc)
Log: Imported: Class DeusEx.TerroristCommander
Log: FactoryCreateText: Class with ClassFactoryUC (0 1 ..\DeusEx\Classes\TerroristCommanderCarcass.uc)
Log: Imported: Class DeusEx.TerroristCommanderCarcass
Log: FactoryCreateText: Class with ClassFactoryUC (0 1 ..\DeusEx\Classes\ThrownProjectile.uc)
Log: Imported: Class DeusEx.ThrownProjectile
Log: FactoryCreateText: Class with ClassFactoryUC (0 1 ..\DeusEx\Classes\ThugMale.uc)
Log: Imported: Class DeusEx.ThugMale
Log: FactoryCreateText: Class with ClassFactoryUC (0 1 ..\DeusEx\Classes\ThugMale2.uc)
Log: Imported: Class DeusEx.ThugMale2
Log: FactoryCreateText: Class with ClassFactoryUC (0 1 ..\DeusEx\Classes\ThugMale2Carcass.uc)
Log: Imported: Class DeusEx.ThugMale2Carcass
Log: FactoryCreateText: Class with ClassFactoryUC (0 1 ..\DeusEx\Classes\ThugMale3.uc)
Log: Imported: Class DeusEx.ThugMale3
Log: FactoryCreateText: Class with ClassFactoryUC (0 1 ..\DeusEx\Classes\ThugMale3Carcass.uc)
Log: Imported: Class DeusEx.ThugMale3Carcass
Log: FactoryCreateText: Class with ClassFactoryUC (0 1 ..\DeusEx\Classes\ThugMaleCarcass.uc)
Log: Imported: Class DeusEx.ThugMaleCarcass
Log: FactoryCreateText: Class with ClassFactoryUC (0 1 ..\DeusEx\Classes\TiffanySavage.uc)
Log: Imported: Class DeusEx.TiffanySavage
Log: FactoryCreateText: Class with ClassFactoryUC (0 1 ..\DeusEx\Classes\TiffanySavageCarcass.uc)
Log: Imported: Class DeusEx.TiffanySavageCarcass
Log: FactoryCreateText: Class with ClassFactoryUC (0 1 ..\DeusEx\Classes\Timer.uc)
Log: Imported: Class DeusEx.Timer
Log: FactoryCreateText: Class with ClassFactoryUC (0 1 ..\DeusEx\Classes\TimerDisplay.uc)
Log: Imported: Class DeusEx.TimerDisplay
Log: FactoryCreateText: Class with ClassFactoryUC (0 1 ..\DeusEx\Classes\TobyAtanwe.uc)
Log: Imported: Class DeusEx.TobyAtanwe
Log: FactoryCreateText: Class with ClassFactoryUC (0 1 ..\DeusEx\Classes\TobyAtanweCarcass.uc)
Log: Imported: Class DeusEx.TobyAtanweCarcass
Log: FactoryCreateText: Class with ClassFactoryUC (0 1 ..\DeusEx\Classes\Toilet.uc)
Log: Imported: Class DeusEx.Toilet
Log: FactoryCreateText: Class with ClassFactoryUC (0 1 ..\DeusEx\Classes\Toilet2.uc)
Log: Imported: Class DeusEx.Toilet2
Log: FactoryCreateText: Class with ClassFactoryUC (0 1 ..\DeusEx\Classes\ToolBorderWindow.uc)
Log: Imported: Class DeusEx.ToolBorderWindow
Log: FactoryCreateText: Class with ClassFactoryUC (0 1 ..\DeusEx\Classes\ToolButtonWindow.uc)
Log: Imported: Class DeusEx.ToolButtonWindow
Log: FactoryCreateText: Class with ClassFactoryUC (0 1 ..\DeusEx\Classes\ToolCheckboxWindow.uc)
Log: Imported: Class DeusEx.ToolCheckboxWindow
Log: FactoryCreateText: Class with ClassFactoryUC (0 1 ..\DeusEx\Classes\ToolEditWindow.uc)
Log: Imported: Class DeusEx.ToolEditWindow
Log: FactoryCreateText: Class with ClassFactoryUC (0 1 ..\DeusEx\Classes\ToolListWindow.uc)
Log: Imported: Class DeusEx.ToolListWindow
Log: FactoryCreateText: Class with ClassFactoryUC (0 1 ..\DeusEx\Classes\ToolMessageBoxWindow.uc)
Log: Imported: Class DeusEx.ToolMessageBoxWindow
Log: FactoryCreateText: Class with ClassFactoryUC (0 1 ..\DeusEx\Classes\ToolRadioButtonWindow.uc)
Log: Imported: Class DeusEx.ToolRadioButtonWindow
Log: FactoryCreateText: Class with ClassFactoryUC (0 1 ..\DeusEx\Classes\ToolScrollAreaWindow.uc)
Log: Imported: Class DeusEx.ToolScrollAreaWindow
Log: FactoryCreateText: Class with ClassFactoryUC (0 1 ..\DeusEx\Classes\ToolTitleBarWindow.uc)
Log: Imported: Class DeusEx.ToolTitleBarWindow
Log: FactoryCreateText: Class with ClassFactoryUC (0 1 ..\DeusEx\Classes\ToolWindow.uc)
Log: Imported: Class DeusEx.ToolWindow
Log: FactoryCreateText: Class with ClassFactoryUC (0 1 ..\DeusEx\Classes\tracehithandnonpenspawner.uc)
Log: Imported: Class DeusEx.tracehithandnonpenspawner
Log: FactoryCreateText: Class with ClassFactoryUC (0 1 ..\DeusEx\Classes\tracehithandspawner.uc)
Log: Imported: Class DeusEx.tracehithandspawner
Log: FactoryCreateText: Class with ClassFactoryUC (0 1 ..\DeusEx\Classes\TraceHitNonPenSpawner.uc)
Log: Imported: Class DeusEx.TraceHitNonPenSpawner
Log: FactoryCreateText: Class with ClassFactoryUC (0 1 ..\DeusEx\Classes\TraceHitSpawner.uc)
Log: Imported: Class DeusEx.TraceHitSpawner
Log: FactoryCreateText: Class with ClassFactoryUC (0 1 ..\DeusEx\Classes\Tracer.uc)
Log: Imported: Class DeusEx.Tracer
Log: FactoryCreateText: Class with ClassFactoryUC (0 1 ..\DeusEx\Classes\TracerTong.uc)
Log: Imported: Class DeusEx.TracerTong
Log: FactoryCreateText: Class with ClassFactoryUC (0 1 ..\DeusEx\Classes\TracerTongCarcass.uc)
Log: Imported: Class DeusEx.TracerTongCarcass
Log: FactoryCreateText: Class with ClassFactoryUC (0 1 ..\DeusEx\Classes\TrafficLight.uc)
Log: Imported: Class DeusEx.TrafficLight
Log: FactoryCreateText: Class with ClassFactoryUC (0 1 ..\DeusEx\Classes\Trash.uc)
Log: Imported: Class DeusEx.Trash
Log: FactoryCreateText: Class with ClassFactoryUC (0 1 ..\DeusEx\Classes\Trashbag.uc)
Log: Imported: Class DeusEx.Trashbag
Log: FactoryCreateText: Class with ClassFactoryUC (0 1 ..\DeusEx\Classes\Trashbag2.uc)
Log: Imported: Class DeusEx.Trashbag2
Log: FactoryCreateText: Class with ClassFactoryUC (0 1 ..\DeusEx\Classes\TrashCan1.uc)
Log: Imported: Class DeusEx.TrashCan1
Log: FactoryCreateText: Class with ClassFactoryUC (0 1 ..\DeusEx\Classes\Trashcan2.uc)
Log: Imported: Class DeusEx.Trashcan2
Log: FactoryCreateText: Class with ClassFactoryUC (0 1 ..\DeusEx\Classes\TrashCan3.uc)
Log: Imported: Class DeusEx.TrashCan3
Log: FactoryCreateText: Class with ClassFactoryUC (0 1 ..\DeusEx\Classes\TrashCan4.uc)
Log: Imported: Class DeusEx.TrashCan4
Log: FactoryCreateText: Class with ClassFactoryUC (0 1 ..\DeusEx\Classes\TrashGenerator.uc)
Log: Imported: Class DeusEx.TrashGenerator
Log: FactoryCreateText: Class with ClassFactoryUC (0 1 ..\DeusEx\Classes\TrashPaper.uc)
Log: Imported: Class DeusEx.TrashPaper
Log: FactoryCreateText: Class with ClassFactoryUC (0 1 ..\DeusEx\Classes\Tree.uc)
Log: Imported: Class DeusEx.Tree
Log: FactoryCreateText: Class with ClassFactoryUC (0 1 ..\DeusEx\Classes\Tree1.uc)
Log: Imported: Class DeusEx.Tree1
Log: FactoryCreateText: Class with ClassFactoryUC (0 1 ..\DeusEx\Classes\Tree2.uc)
Log: Imported: Class DeusEx.Tree2
Log: FactoryCreateText: Class with ClassFactoryUC (0 1 ..\DeusEx\Classes\Tree3.uc)
Log: Imported: Class DeusEx.Tree3
Log: FactoryCreateText: Class with ClassFactoryUC (0 1 ..\DeusEx\Classes\Tree4.uc)
Log: Imported: Class DeusEx.Tree4
Log: FactoryCreateText: Class with ClassFactoryUC (0 1 ..\DeusEx\Classes\TriadLumPath.uc)
Log: Imported: Class DeusEx.TriadLumPath
Log: FactoryCreateText: Class with ClassFactoryUC (0 1 ..\DeusEx\Classes\TriadLumPath2.uc)
Log: Imported: Class DeusEx.TriadLumPath2
Log: FactoryCreateText: Class with ClassFactoryUC (0 1 ..\DeusEx\Classes\TriadLumPath2Carcass.uc)
Log: Imported: Class DeusEx.TriadLumPath2Carcass
Log: FactoryCreateText: Class with ClassFactoryUC (0 1 ..\DeusEx\Classes\TriadLumPathCarcass.uc)
Log: Imported: Class DeusEx.TriadLumPathCarcass
Log: FactoryCreateText: Class with ClassFactoryUC (0 1 ..\DeusEx\Classes\TriadRedArrow.uc)
Log: Imported: Class DeusEx.TriadRedArrow
Log: FactoryCreateText: Class with ClassFactoryUC (0 1 ..\DeusEx\Classes\TriadRedArrowCarcass.uc)
Log: Imported: Class DeusEx.TriadRedArrowCarcass
Log: FactoryCreateText: Class with ClassFactoryUC (0 1 ..\DeusEx\Classes\Trophy.uc)
Log: Imported: Class DeusEx.Trophy
Log: FactoryCreateText: Class with ClassFactoryUC (0 1 ..\DeusEx\Classes\Tumbleweed.uc)
Log: Imported: Class DeusEx.Tumbleweed
Log: FactoryCreateText: Class with ClassFactoryUC (0 1 ..\DeusEx\Classes\UNATCOTroop.uc)
Log: Imported: Class DeusEx.UNATCOTroop
Log: FactoryCreateText: Class with ClassFactoryUC (0 1 ..\DeusEx\Classes\UNATCOTroopCarcass.uc)
Log: Imported: Class DeusEx.UNATCOTroopCarcass
Log: FactoryCreateText: Class with ClassFactoryUC (0 1 ..\DeusEx\Classes\UnTrigger.uc)
Log: Imported: Class DeusEx.UnTrigger
Log: FactoryCreateText: Class with ClassFactoryUC (0 1 ..\DeusEx\Classes\Valve.uc)
Log: Imported: Class DeusEx.Valve
Log: FactoryCreateText: Class with ClassFactoryUC (0 1 ..\DeusEx\Classes\Van.uc)
Log: Imported: Class DeusEx.Van
Log: FactoryCreateText: Class with ClassFactoryUC (0 1 ..\DeusEx\Classes\Vase1.uc)
Log: Imported: Class DeusEx.Vase1
Log: FactoryCreateText: Class with ClassFactoryUC (0 1 ..\DeusEx\Classes\Vase2.uc)
Log: Imported: Class DeusEx.Vase2
Log: FactoryCreateText: Class with ClassFactoryUC (0 1 ..\DeusEx\Classes\Vehicles.uc)
Log: Imported: Class DeusEx.Vehicles
Log: FactoryCreateText: Class with ClassFactoryUC (0 1 ..\DeusEx\Classes\VendingMachine.uc)
Log: Imported: Class DeusEx.VendingMachine
Log: FactoryCreateText: Class with ClassFactoryUC (0 1 ..\DeusEx\Classes\VialAmbrosia.uc)
Log: Imported: Class DeusEx.VialAmbrosia
Log: FactoryCreateText: Class with ClassFactoryUC (0 1 ..\DeusEx\Classes\VialCrack.uc)
Log: Imported: Class DeusEx.VialCrack
Log: FactoryCreateText: Class with ClassFactoryUC (0 1 ..\DeusEx\Classes\WaltonSimons.uc)
Log: Imported: Class DeusEx.WaltonSimons
Log: FactoryCreateText: Class with ClassFactoryUC (0 1 ..\DeusEx\Classes\WaltonSimonsCarcass.uc)
Log: Imported: Class DeusEx.WaltonSimonsCarcass
Log: FactoryCreateText: Class with ClassFactoryUC (0 1 ..\DeusEx\Classes\WanderPoint.uc)
Log: Imported: Class DeusEx.WanderPoint
Log: FactoryCreateText: Class with ClassFactoryUC (0 1 ..\DeusEx\Classes\WashingtonDecoration.uc)
Log: Imported: Class DeusEx.WashingtonDecoration
Log: FactoryCreateText: Class with ClassFactoryUC (0 1 ..\DeusEx\Classes\WaterCooler.uc)
Log: Imported: Class DeusEx.WaterCooler
Log: FactoryCreateText: Class with ClassFactoryUC (0 1 ..\DeusEx\Classes\WaterDrips.uc)
Log: Imported: Class DeusEx.WaterDrips
Log: FactoryCreateText: Class with ClassFactoryUC (0 1 ..\DeusEx\Classes\WaterFountain.uc)
Log: Imported: Class DeusEx.WaterFountain
Log: FactoryCreateText: Class with ClassFactoryUC (0 1 ..\DeusEx\Classes\WaterPool.uc)
Log: Imported: Class DeusEx.WaterPool
Log: FactoryCreateText: Class with ClassFactoryUC (0 1 ..\DeusEx\Classes\WaterRing.uc)
Log: Imported: Class DeusEx.WaterRing
Log: FactoryCreateText: Class with ClassFactoryUC (0 1 ..\DeusEx\Classes\WaterZone.uc)
Log: Imported: Class DeusEx.WaterZone
Log: FactoryCreateText: Class with ClassFactoryUC (0 1 ..\DeusEx\Classes\WeaponAssaultGun.uc)
Log: Imported: Class DeusEx.WeaponAssaultGun
Log: FactoryCreateText: Class with ClassFactoryUC (0 1 ..\DeusEx\Classes\WeaponAssaultShotgun.uc)
Log: Imported: Class DeusEx.WeaponAssaultShotgun
Log: FactoryCreateText: Class with ClassFactoryUC (0 1 ..\DeusEx\Classes\WeaponBaton.uc)
Log: Imported: Class DeusEx.WeaponBaton
Log: FactoryCreateText: Class with ClassFactoryUC (0 1 ..\DeusEx\Classes\WeaponCatScratch.uc)
Log: Imported: Class DeusEx.WeaponCatScratch
Log: FactoryCreateText: Class with ClassFactoryUC (0 1 ..\DeusEx\Classes\WeaponCombatKnife.uc)
Log: Imported: Class DeusEx.WeaponCombatKnife
Log: FactoryCreateText: Class with ClassFactoryUC (0 1 ..\DeusEx\Classes\WeaponCrowbar.uc)
Log: Imported: Class DeusEx.WeaponCrowbar
Log: FactoryCreateText: Class with ClassFactoryUC (0 1 ..\DeusEx\Classes\WeaponDogBite.uc)
Log: Imported: Class DeusEx.WeaponDogBite
Log: FactoryCreateText: Class with ClassFactoryUC (0 1 ..\DeusEx\Classes\WeaponEMPGrenade.uc)
Log: Imported: Class DeusEx.WeaponEMPGrenade
Log: FactoryCreateText: Class with ClassFactoryUC (0 1 ..\DeusEx\Classes\WeaponFlamethrower.uc)
Log: Imported: Class DeusEx.WeaponFlamethrower
Log: FactoryCreateText: Class with ClassFactoryUC (0 1 ..\DeusEx\Classes\WeaponGasGrenade.uc)
Log: Imported: Class DeusEx.WeaponGasGrenade
Log: FactoryCreateText: Class with ClassFactoryUC (0 1 ..\DeusEx\Classes\WeaponGEPGun.uc)
Log: Imported: Class DeusEx.WeaponGEPGun
Log: FactoryCreateText: Class with ClassFactoryUC (0 1 ..\DeusEx\Classes\WeaponGraySpit.uc)
Log: Imported: Class DeusEx.WeaponGraySpit
Log: FactoryCreateText: Class with ClassFactoryUC (0 1 ..\DeusEx\Classes\WeaponGraySwipe.uc)
Log: Imported: Class DeusEx.WeaponGraySwipe
Log: FactoryCreateText: Class with ClassFactoryUC (0 1 ..\DeusEx\Classes\WeaponGreaselSpit.uc)
Log: Imported: Class DeusEx.WeaponGreaselSpit
Log: FactoryCreateText: Class with ClassFactoryUC (0 1 ..\DeusEx\Classes\WeaponHideAGun.uc)
Log: Imported: Class DeusEx.WeaponHideAGun
Log: FactoryCreateText: Class with ClassFactoryUC (0 1 ..\DeusEx\Classes\WeaponKarkianBite.uc)
Log: Imported: Class DeusEx.WeaponKarkianBite
Log: FactoryCreateText: Class with ClassFactoryUC (0 1 ..\DeusEx\Classes\WeaponKarkianBump.uc)
Log: Imported: Class DeusEx.WeaponKarkianBump
Log: FactoryCreateText: Class with ClassFactoryUC (0 1 ..\DeusEx\Classes\WeaponLAM.uc)
Log: Imported: Class DeusEx.WeaponLAM
Log: FactoryCreateText: Class with ClassFactoryUC (0 1 ..\DeusEx\Classes\WeaponLAW.uc)
Log: Imported: Class DeusEx.WeaponLAW
Log: FactoryCreateText: Class with ClassFactoryUC (0 1 ..\DeusEx\Classes\WeaponMiniCrossbow.uc)
Log: Imported: Class DeusEx.WeaponMiniCrossbow
Log: FactoryCreateText: Class with ClassFactoryUC (0 1 ..\DeusEx\Classes\WeaponMJ12Commando.uc)
Log: Imported: Class DeusEx.WeaponMJ12Commando
Log: FactoryCreateText: Class with ClassFactoryUC (0 1 ..\DeusEx\Classes\WeaponMJ12Rocket.uc)
Log: Imported: Class DeusEx.WeaponMJ12Rocket
Log: FactoryCreateText: Class with ClassFactoryUC (0 1 ..\DeusEx\Classes\WeaponMod.uc)
Log: Imported: Class DeusEx.WeaponMod
Log: FactoryCreateText: Class with ClassFactoryUC (0 1 ..\DeusEx\Classes\WeaponModAccuracy.uc)
Log: Imported: Class DeusEx.WeaponModAccuracy
Log: FactoryCreateText: Class with ClassFactoryUC (0 1 ..\DeusEx\Classes\WeaponModClip.uc)
Log: Imported: Class DeusEx.WeaponModClip
Log: FactoryCreateText: Class with ClassFactoryUC (0 1 ..\DeusEx\Classes\WeaponModLaser.uc)
Log: Imported: Class DeusEx.WeaponModLaser
Log: FactoryCreateText: Class with ClassFactoryUC (0 1 ..\DeusEx\Classes\WeaponModRange.uc)
Log: Imported: Class DeusEx.WeaponModRange
Log: FactoryCreateText: Class with ClassFactoryUC (0 1 ..\DeusEx\Classes\WeaponModRecoil.uc)
Log: Imported: Class DeusEx.WeaponModRecoil
Log: FactoryCreateText: Class with ClassFactoryUC (0 1 ..\DeusEx\Classes\WeaponModReload.uc)
Log: Imported: Class DeusEx.WeaponModReload
Log: FactoryCreateText: Class with ClassFactoryUC (0 1 ..\DeusEx\Classes\WeaponModScope.uc)
Log: Imported: Class DeusEx.WeaponModScope
Log: FactoryCreateText: Class with ClassFactoryUC (0 1 ..\DeusEx\Classes\WeaponModSilencer.uc)
Log: Imported: Class DeusEx.WeaponModSilencer
Log: FactoryCreateText: Class with ClassFactoryUC (0 1 ..\DeusEx\Classes\WeaponNanoSword.uc)
Log: Imported: Class DeusEx.WeaponNanoSword
Log: FactoryCreateText: Class with ClassFactoryUC (0 1 ..\DeusEx\Classes\WeaponNanoVirusGrenade.uc)
Log: Imported: Class DeusEx.WeaponNanoVirusGrenade
Log: FactoryCreateText: Class with ClassFactoryUC (0 1 ..\DeusEx\Classes\WeaponNPCMelee.uc)
Log: Imported: Class DeusEx.WeaponNPCMelee
Log: FactoryCreateText: Class with ClassFactoryUC (0 1 ..\DeusEx\Classes\WeaponNPCRanged.uc)
Log: Imported: Class DeusEx.WeaponNPCRanged
Log: FactoryCreateText: Class with ClassFactoryUC (0 1 ..\DeusEx\Classes\WeaponPepperGun.uc)
Log: Imported: Class DeusEx.WeaponPepperGun
Log: FactoryCreateText: Class with ClassFactoryUC (0 1 ..\DeusEx\Classes\WeaponPistol.uc)
Log: Imported: Class DeusEx.WeaponPistol
Log: FactoryCreateText: Class with ClassFactoryUC (0 1 ..\DeusEx\Classes\WeaponPlasmaRifle.uc)
Log: Imported: Class DeusEx.WeaponPlasmaRifle
Log: FactoryCreateText: Class with ClassFactoryUC (0 1 ..\DeusEx\Classes\WeaponProd.uc)
Log: Imported: Class DeusEx.WeaponProd
Log: FactoryCreateText: Class with ClassFactoryUC (0 1 ..\DeusEx\Classes\WeaponRatBite.uc)
Log: Imported: Class DeusEx.WeaponRatBite
Log: FactoryCreateText: Class with ClassFactoryUC (0 1 ..\DeusEx\Classes\WeaponRifle.uc)
Log: Imported: Class DeusEx.WeaponRifle
Log: FactoryCreateText: Class with ClassFactoryUC (0 1 ..\DeusEx\Classes\WeaponRobotMachinegun.uc)
Log: Imported: Class DeusEx.WeaponRobotMachinegun
Log: FactoryCreateText: Class with ClassFactoryUC (0 1 ..\DeusEx\Classes\WeaponRobotRocket.uc)
Log: Imported: Class DeusEx.WeaponRobotRocket
Log: FactoryCreateText: Class with ClassFactoryUC (0 1 ..\DeusEx\Classes\WeaponSawedOffShotgun.uc)
Log: Imported: Class DeusEx.WeaponSawedOffShotgun
Log: FactoryCreateText: Class with ClassFactoryUC (0 1 ..\DeusEx\Classes\WeaponShuriken.uc)
Log: Imported: Class DeusEx.WeaponShuriken
Log: FactoryCreateText: Class with ClassFactoryUC (0 1 ..\DeusEx\Classes\WeaponSpiderBot.uc)
Log: Imported: Class DeusEx.WeaponSpiderBot
Log: FactoryCreateText: Class with ClassFactoryUC (0 1 ..\DeusEx\Classes\WeaponSpiderBot2.uc)
Log: Imported: Class DeusEx.WeaponSpiderBot2
Log: FactoryCreateText: Class with ClassFactoryUC (0 1 ..\DeusEx\Classes\WeaponStealthPistol.uc)
Log: Imported: Class DeusEx.WeaponStealthPistol
Log: FactoryCreateText: Class with ClassFactoryUC (0 1 ..\DeusEx\Classes\WeaponSword.uc)
Log: Imported: Class DeusEx.WeaponSword
Log: FactoryCreateText: Class with ClassFactoryUC (0 1 ..\DeusEx\Classes\WHBenchEast.uc)
Log: Imported: Class DeusEx.WHBenchEast
Log: FactoryCreateText: Class with ClassFactoryUC (0 1 ..\DeusEx\Classes\WHBenchLibrary.uc)
Log: Imported: Class DeusEx.WHBenchLibrary
Log: FactoryCreateText: Class with ClassFactoryUC (0 1 ..\DeusEx\Classes\WHBookstandLibrary.uc)
Log: Imported: Class DeusEx.WHBookstandLibrary
Log: FactoryCreateText: Class with ClassFactoryUC (0 1 ..\DeusEx\Classes\WHCabinet.uc)
Log: Imported: Class DeusEx.WHCabinet
Log: FactoryCreateText: Class with ClassFactoryUC (0 1 ..\DeusEx\Classes\WHChairDining.uc)
Log: Imported: Class DeusEx.WHChairDining
Log: FactoryCreateText: Class with ClassFactoryUC (0 1 ..\DeusEx\Classes\WHChairOvalOffice.uc)
Log: Imported: Class DeusEx.WHChairOvalOffice
Log: FactoryCreateText: Class with ClassFactoryUC (0 1 ..\DeusEx\Classes\WHChairPink.uc)
Log: Imported: Class DeusEx.WHChairPink
Log: FactoryCreateText: Class with ClassFactoryUC (0 1 ..\DeusEx\Classes\WHDeskLibrarySmall.uc)
Log: Imported: Class DeusEx.WHDeskLibrarySmall
Log: FactoryCreateText: Class with ClassFactoryUC (0 1 ..\DeusEx\Classes\WHDeskOvalOffice.uc)
Log: Imported: Class DeusEx.WHDeskOvalOffice
Log: FactoryCreateText: Class with ClassFactoryUC (0 1 ..\DeusEx\Classes\WHEndtableLibrary.uc)
Log: Imported: Class DeusEx.WHEndtableLibrary
Log: FactoryCreateText: Class with ClassFactoryUC (0 1 ..\DeusEx\Classes\WHFireplaceGrill.uc)
Log: Imported: Class DeusEx.WHFireplaceGrill
Log: FactoryCreateText: Class with ClassFactoryUC (0 1 ..\DeusEx\Classes\WHFireplaceLog.uc)
Log: Imported: Class DeusEx.WHFireplaceLog
Log: FactoryCreateText: Class with ClassFactoryUC (0 1 ..\DeusEx\Classes\WHPhone.uc)
Log: Imported: Class DeusEx.WHPhone
Log: FactoryCreateText: Class with ClassFactoryUC (0 1 ..\DeusEx\Classes\WHPiano.uc)
Log: Imported: Class DeusEx.WHPiano
Log: FactoryCreateText: Class with ClassFactoryUC (0 1 ..\DeusEx\Classes\WHRedCandleabra.uc)
Log: Imported: Class DeusEx.WHRedCandleabra
Log: FactoryCreateText: Class with ClassFactoryUC (0 1 ..\DeusEx\Classes\WHRedCouch.uc)
Log: Imported: Class DeusEx.WHRedCouch
Log: FactoryCreateText: Class with ClassFactoryUC (0 1 ..\DeusEx\Classes\WHRedEagleTable.uc)
Log: Imported: Class DeusEx.WHRedEagleTable
Log: FactoryCreateText: Class with ClassFactoryUC (0 1 ..\DeusEx\Classes\WHRedLampTable.uc)
Log: Imported: Class DeusEx.WHRedLampTable
Log: FactoryCreateText: Class with ClassFactoryUC (0 1 ..\DeusEx\Classes\WHRedOvalTable.uc)
Log: Imported: Class DeusEx.WHRedOvalTable
Log: FactoryCreateText: Class with ClassFactoryUC (0 1 ..\DeusEx\Classes\WHRedVase.uc)
Log: Imported: Class DeusEx.WHRedVase
Log: FactoryCreateText: Class with ClassFactoryUC (0 1 ..\DeusEx\Classes\WHTableBlue.uc)
Log: Imported: Class DeusEx.WHTableBlue
Log: FactoryCreateText: Class with ClassFactoryUC (0 1 ..\DeusEx\Classes\WIB.uc)
Log: Imported: Class DeusEx.WIB
Log: FactoryCreateText: Class with ClassFactoryUC (0 1 ..\DeusEx\Classes\WIBCarcass.uc)
Log: Imported: Class DeusEx.WIBCarcass
Log: FactoryCreateText: Class with ClassFactoryUC (0 1 ..\DeusEx\Classes\WineBottle.uc)
Log: Imported: Class DeusEx.WineBottle
Log: FactoryCreateText: Class with ClassFactoryUC (0 1 ..\DeusEx\Classes\WoodFragment.uc)
Log: Imported: Class DeusEx.WoodFragment
Log: Parsing DeusExPlayer
Log: Unloading: Package Effects
Error: Z:\home\neob91\Games\LutrisDX\drive_c\DX\DeusEx\Classes\DeusExPlayer.uc(337) : Error, Unrecognized type 'DebugInfo'
Critical: appError called:
Critical: Critical error while compiling
Exit: Executing UObject::StaticShutdownAfterError
Exit: Exiting.
Log: Log file closed, 04/19/24 22:01:53
